	proteins	genome	organism	description	species_set	n_species	weak_cc	tax_span	tax_span_rank	taxid_set	phylum_dist	order_dist	class_dist	secondary_chimeras
0.0	['XP_025421543.1', 'XP_046396626.1', 'XP_046664087.1', 'XP_023327453.1']	GCF_003268045.1	Sipha flava (yellow sugarcane aphid)	E3 ubiquitin-protein ligase BRE1-like	{'Ceutorhynchus assimilis', 'Polistes fuscatus', 'Acanthoscelides obtectus', 'Choristoneura fumiferana', 'Nymphalis io', 'Operophtera brumata', 'Heterotrigona itama', 'Ceratosolen solmsi marchali', 'Tribolium castaneum', 'Dinoponera quadriceps', 'Temnothorax curvispinosus', 'Ampulex compressa', 'Diabrotica balteata', 'Vollenhovia emeryi', 'Bemisia tabaci', 'Trichogramma pretiosum', 'Cotesia glomerata', 'Tuta absoluta', 'Orchesella cincta', 'Polistes dominula', 'Atta cephalotes', 'Ischnura elegans', 'Hyposmocoma kahamanoa', 'Oppia nitens', 'Brassicogethes aeneus', 'Cotesia congregata', 'Schistocerca nitens', 'Phaedon cochleariae', 'Schistocerca piceifrons', 'Aphis gossypii', 'Plutella xylostella', 'Ladona fulva', 'Diaphorina citri', 'Photinus pyralis', 'Polistes canadensis', 'Vespa crabro', 'Bombus affinis', 'Blattella germanica', 'Copidosoma floridanum', 'Diatraea saccharalis', 'Homarus americanus', 'Pseudomyrmex gracilis', 'Pieris macdunnoughi', 'Hylaeus anthracinus', 'Megachile rotundata', 'Schistocerca gregaria', 'Neodiprion fabricii', 'Coccinella septempunctata', 'Pseudoatta argentina', 'Solenopsis invicta', 'Daphnia magna', 'Pediculus humanus corporis', 'Haemaphysalis longicornis', 'Nicrophorus vespilloides', 'Vespa mandarinia', 'Melipona quadrifasciata', 'Athalia rosae', 'Diabrotica virgifera virgifera', 'Fopius arisanus', 'Venturia canescens', 'Cinara cedri', 'Zootermopsis nevadensis', 'Trichonephila clavata', 'Aphis glycines', 'Rhipicephalus microplus', 'Trachymyrmex zeteki', 'Melitaea cinxia', 'Bicyclus anynana', 'Halyomorpha halys', 'Dermacentor andersoni', 'Vanessa tameamea', 'Neodiprion lecontei', 'Vanessa cardui', 'Neodiprion pinetum', 'Leptopilina boulardi', 'Formica exsecta', 'Pieris napi', 'Chilo suppressalis', 'Penaeus japonicus', 'Lepeophtheirus salmonis', 'Pieris rapae', 'Tenebrio molitor', 'Amyelois transitella', 'Ooceraea biroi', 'Galendromus occidentalis', 'Vespula germanica', 'Frankliniella occidentalis', 'Pararge aegeria aegeria', 'Bombus terrestris', 'Dermatophagoides pteronyssinus', 'Atta colombica', 'Timema tahoe', 'Pogonomyrmex barbatus', 'Timema douglasi', 'Habropoda laboriosa', 'Rhynchophorus ferrugineus', 'Thrips palmi', 'Penaeus chinensis', 'Maniola jurtina', 'Penaeus vannamei', 'Eufriesea mexicana', 'Rhipicephalus sanguineus', 'Portunus trituberculatus', 'Acyrthosiphon pisum', 'Phthorimaea operculella', 'Dinothrombium tinctorium', 'Bombus vosnesenskii', 'Daphnia galeata', 'Cyphomyrmex costatus', 'Megalurothrips usitatus', 'Belonocnema kinseyi', 'Oedothorax gibbosus', 'Lamprigera yunnana', 'Plodia interpunctella', 'Ixodes persulcatus', 'Acromyrmex charruanus', 'Parnassius apollo', 'Ostrinia furnacalis', 'Vespula pensylvanica', 'Timema genevievae', 'Nymphon striatum', 'Eciton burchellii', 'Caerostris extrusa', 'Macrosteles quadrilineatus', 'Microplitis demolitor', 'Chrysodeixis includens', 'Zerene cesonia', 'Laodelphax striatellus', 'Sitophilus oryzae', 'Chelonus insularis', 'Cataglyphis hispanica', 'Papilio polytes', 'Parasteatoda tepidariorum', 'Aethina tumida', 'Daphnia pulicaria', 'Callosobruchus maculatus', 'Apis dorsata', 'Osmia bicornis bicornis', 'Diprion similis', 'Caerostris darwini', 'Colletes gigas', 'Oppiella nova', 'Apis mellifera', 'Cephus cinctus', 'Papilio machaon', 'Nezara viridula', 'Cherax quadricarinatus', 'Amphibalanus amphitrite', 'Dendroctonus ponderosae', 'Euroglyphus maynei', 'Trachymyrmex cornetzi', 'Spodoptera frugiperda', 'Apis cerana cerana', 'Trinorchestia longiramus', 'Megalopta genalis', 'Iphiclides podalirius', 'Eurytemora affinis', 'Apis florea', 'Pectinophora gossypiella', 'Stegodyphus dumicola', 'Nilaparvata lugens', 'Spodoptera litura', 'Camponotus floridanus', 'Trichomalopsis sarcophagae', 'Ceratina calcarata', 'Danaus chrysippus', 'Pieris brassicae', 'Mythimna separata', 'Mythimna loreyi', 'Spodoptera littoralis', 'Apolygus lucorum', 'Trichoplusia ni', 'Aphidius gifuensis', 'Pollicipes pollicipes', 'Folsomia candida', 'Acromyrmex insinuator', 'Vanessa atalanta', 'Onthophagus taurus', 'Limulus polyphemus', 'Sipha flava', 'Vespa velutina', 'Osmia lignaria', 'Schistocerca serialis cubense', 'Acromyrmex heyeri', 'Orussus abietinus', 'Trichonephila inaurata madagascariensis', 'Maniola hyperantus', 'Tyrophagus putrescentiae', 'Psylliodes chrysocephala', 'Schistocerca cancellata', 'Bombyx mandarina', 'Bombyx mori', 'Frieseomelitta varia', 'Myzus persicae', 'Hylaeus volcanicus', 'Anthonomus grandis grandis', 'Anoplophora glabripennis', 'Uloborus diversus', 'Blomia tropicalis', 'Nomia melanderi', 'Hyalomma asiaticum', 'Helicoverpa armigera', 'Ignelater luminosus', 'Papilio xuthus', 'Wasmannia auropunctata', 'Penaeus monodon', 'Diuraphis noxia', 'Neodiprion virginianus', 'Bombus huntii', 'Asbolus verrucosus', 'Daphnia sinensis', 'Daphnia pulex', 'Dufourea novaeangliae', 'Polistes exclamans', 'Hyalella azteca', 'Abscondita terminalis', 'Araneus ventricosus', 'Bombus impatiens', 'Temnothorax longispinosus', 'Odontomachus brunneus', 'Rhopalosiphum maidis', 'Leptotrombidium deliense', 'Zophobas morio', 'Aricia agestis', 'Vespula vulgaris', 'Galleria mellonella', 'Ixodes scapularis', 'Pararge aegeria', 'Cryptotermes secundus', 'Varroa jacobsoni', 'Agrilus planipennis', 'Nylanderia fulva', 'Leptinotarsa decemlineata', 'Bombus pyrosoma', 'Leptopilina heterotoma', 'Manduca sexta', 'Allacma fusca', 'Acromyrmex echinatior', 'Brenthis ino', 'Daktulosphaira vitifoliae', 'Helicoverpa zea', 'Harmonia axyridis', 'Darwinula stevensoni', 'Colias croceus', 'Phyllotreta striolata', 'Monomorium pharaonis', 'Cimex lectularius', 'Ctenocephalides felis', 'Procambarus clarkii', 'Leptidea sinapis', 'Chrysoperla carnea', 'Bombus vancouverensis nearcticus', 'Timema poppensis', 'Linepithema humile', 'Tribolium madens', 'Harpegnathos saltator', 'Diachasma alloeum', 'Mischocyttarus mexicanus', 'Adelges cooleyi', 'Euphydryas editha', 'Melanaphis sacchari', 'Callosobruchus chinensis', 'Eretmocerus hayati', 'Apis laboriosa', 'Varroa destructor', 'Danaus plexippus plexippus', 'Trachymyrmex septentrionalis', 'Nasonia vitripennis', 'Homalodisca vitripennis', 'Leguminivora glycinivorella', 'Arctia plantaginis', 'Eriocheir sinensis', 'Schistocerca americana', 'Nephila pilipes', 'Centruroides sculpturatus', 'Medioppia subpectinata', 'Dermacentor silvarum', 'Spodoptera exigua', 'Eumeta japonica'}	279	0.0	Arthropoda	phylum	{30212, 30213, 32260, 1437191, 104452, 1965070, 609295, 132113, 613905, 182803, 2817044, 166423, 424472, 460826, 83485, 6687, 6689, 217634, 1979941, 197161, 405034, 2795564, 348720, 72248, 202808, 104508, 439358, 441921, 171585, 2448451, 48709, 189513, 143948, 610380, 72781, 300111, 1538125, 143950, 171605, 91739, 222816, 2740835, 362088, 629358, 110193, 684658, 345717, 520822, 183418, 143995, 689277, 6945, 396416, 1086592, 334625, 33412, 248454, 354439, 43146, 156304, 58002, 516756, 40085, 471704, 85661, 12957, 115357, 219809, 144034, 62625, 621737, 63433, 2715315, 41139, 274613, 274614, 309941, 113334, 444603, 69820, 139456, 456900, 313031, 110791, 69319, 107213, 110799, 2755281, 200917, 50390, 1686743, 114398, 935657, 158441, 680683, 69355, 395501, 506608, 486640, 313075, 161013, 860918, 40697, 2961670, 2921223, 454923, 133901, 91411, 7445, 7446, 64791, 64793, 2705178, 211228, 230685, 742174, 7454, 110368, 230686, 207650, 307491, 7460, 334116, 7462, 7463, 42275, 202533, 78633, 195883, 2069292, 6956, 172846, 6958, 34615, 667449, 105785, 85310, 93504, 7493, 64838, 278856, 2598218, 34638, 74068, 146774, 7515, 1431903, 473952, 7009, 7010, 7011, 931172, 136037, 72036, 1035111, 39272, 213866, 13164, 271217, 27506, 178035, 7539, 7029, 13686, 66420, 80249, 80765, 7038, 224129, 29058, 108931, 64391, 121224, 115081, 7048, 2038154, 7054, 109461, 7067, 7070, 34720, 76193, 76194, 561572, 79782, 41895, 59818, 370605, 94128, 197043, 116150, 116153, 191418, 2023355, 326594, 2872261, 2015173, 7111, 58824, 133065, 7113, 307658, 103372, 327109, 64459, 743375, 597456, 7116, 299467, 1661398, 189913, 166361, 37344, 7137, 7141, 104421, 286706, 30195, 151541, 121845, 30207}	{'Arthropoda': 221}	{'Hemiptera': 21, 'Coleoptera': 29, 'Hymenoptera': 82, 'Lepidoptera': 42, 'Phthiraptera': 1, 'Orthoptera': 6, 'Thysanoptera': 3, 'Blattodea': 2, 'Araneae': 8, 'Odonata': 1, 'Phasmatodea': 1, 'Entomobryomorpha': 2, 'Neuroptera': 1, 'Symphypleona': 1, 'Mesostigmata': 3, 'Siphonaptera': 1, 'Trombidiformes': 2, 'Ixodida': 2, 'Pantopoda': 1, 'Sarcoptiformes': 7, 'Siphonostomatoida': 1, 'Podocopida': 1, 'Decapoda': 3}	{'Insecta': 190, 'Arachnida': 22, 'Pycnogonida': 1, 'Malacostraca': 3, 'Collembola': 3, 'Ostracoda': 1, 'Hexanauplia': 1}	{'XP_023317274.1', 'KYN34316.1', 'KAJ2942635.1', 'XP_043247857.1', 'XP_008194754.1', 'XP_045768800.1', 'RWR99684.1', 'GBP41443.1', 'XP_043267463.1', 'XP_031331133.1', 'XP_046611556.1', 'XP_014482229.1', 'CAD7397166.1', 'XP_017782728.1', 'XP_018053846.1', 'XP_044763911.1', 'XP_046396626.1', 'XP_041988199.1', 'KAG1651031.1', 'XP_011267271.1', 'KAG7213739.1', 'XP_017877887.1', 'KAJ3652081.1', 'XP_045468225.1', 'KAJ8721514.1', 'XP_038214995.1', 'KZC09013.1', 'XP_012286356.1', 'RZC35816.1', 'XP_053593311.1', 'VVC33514.1', 'CAD7459601.1', 'KAF3422885.1', 'XP_022814715.1', 'KAG8198734.1', 'XP_021183613.2', 'XP_044728939.1', 'XP_050573467.1', 'XP_054003476.1', 'CAD7597536.1', 'CAH0702445.1', 'XP_023327453.1', 'KAG5340836.1', 'KAG5312165.1', 'XP_047002096.1', 'XP_022183483.1', 'CAD7642182.1', 'XP_045131732.1', 'XP_024873418.1', 'XP_045768798.1', 'CAG9785712.1', 'XP_015370524.1', 'XP_054264864.1', 'CAH4037744.1', 'KAF7287640.1', 'XP_045601882.1', 'XP_046447059.1', 'XP_006567307.1', 'CAB3516772.1', 'XP_026275093.1', 'XP_044763912.1', 'KAI5638841.1', 'XP_023951835.1', 'KAH9394210.1', 'CAH0099772.1', 'XP_014356759.2', 'XP_047509750.1', 'XP_023029389.1', 'XP_046396816.1', 'XP_018299621.1', 'XP_046635901.1', 'XP_031770763.2', 'XP_033178575.1', 'RWS31949.1', 'KAG0423283.1', 'XP_047992432.1', 'XP_046814106.1', 'XP_012343285.1', 'XP_051155514.1', 'GFS85841.1', 'XP_012253625.2', 'KAF7287639.1', 'XP_011304692.1', 'XP_013142845.1', 'XP_023227391.1', 'XP_022921211.1', 'XP_034174458.1', 'XP_015910297.1', 'XP_047120082.1', 'TGZ57512.1', 'XP_025421543.1', 'XP_049789637.1', 'KOX75372.1', 'XP_021946976.1', 'KAJ8730803.1', 'XP_023327454.1', 'CAH1099538.1', 'VEN61385.1', 'KAI8422302.1', 'CAH0549625.1', 'XP_011066467.1', 'XP_035434034.2', 'CAG9578760.1', 'KAF5301085.1', 'XP_050422230.1', 'KAF2353238.1', 'XP_018567894.1', 'XP_018361877.1', 'KYN20822.1', 'XP_030754494.1', 'CAH0394219.1', 'CAG7729416.1', 'XP_006624252.1', 'ODN05590.1', 'XP_047019263.1', 'XP_026678236.1', 'XP_030754429.1', 'XP_047530180.1', 'CAG5109243.1', 'XP_045494697.1', 'CAG9863131.1', 'XP_043580391.1', 'XP_050464613.1', 'XP_024216086.1', 'KAH0949231.1', 'GIX86624.1', 'XP_045533198.1', 'XP_045466430.1', 'XP_039751438.1', 'XP_012061927.1', 'OTF77070.1', 'XP_014255578.1', 'CAH2076370.1', 'KAF5284647.1', 'XP_015111085.1', 'CAH7769596.1', 'KAG7306507.1', 'XP_035232599.1', 'XP_045768797.1', 'CAH4037743.1', 'XP_037273298.1', 'XP_045023382.1', 'CAH1407425.1', 'XP_031370295.1', 'CAG4975586.1', 'CAH2233886.1', 'XP_011165265.1', 'XP_011648276.1', 'XP_034827063.1', 'XP_023029391.1', 'KAG5317031.1', 'XP_047737334.1', 'XP_046418157.1', 'KAH9402155.1', 'XP_026478154.1', 'CAD7620085.1', 'XP_018318639.1', 'KPJ20204.1', 'GFY54791.1', 'XP_050852233.1', 'XP_025155654.1', 'XP_049867959.1', 'XP_012163346.2', 'XP_044590716.1', 'XP_049939871.1', 'CAD1468064.1', 'KAF2897034.1', 'CAH0714378.1', 'XP_049834715.1', 'XP_045466432.1', 'XP_044012427.1', 'XP_054160570.1', 'CAH1710438.1', 'XP_025419049.1', 'XP_043802001.1', 'XP_054262722.1', 'XP_003742769.1', 'CAB3223537.1', 'XP_049763460.1', 'XP_047474623.1', 'XP_046664087.1', 'XP_026315435.1', 'XP_042893161.1', 'KAG8230328.1', 'PBC29890.1', 'XP_011871911.1', 'XP_025208678.1', 'XP_022670219.1', 'KAI4496734.1', 'OAD62738.1', 'XP_017767134.1', 'XP_033224927.1', 'XP_030031239.1', 'XP_050478483.1', 'XP_014211694.1', 'GFR32173.1', 'XP_042209330.1', 'XP_014606547.1', 'XP_002406434.2', 'KAE9531626.1', 'XP_018398250.1', 'XP_053612979.1', 'XP_015519637.1', 'XP_015430621.1', 'XP_047509751.1', 'CAD7241107.1', 'XP_012545308.2', 'XP_043521563.1', 'XP_022122844.2', 'XP_053635426.1', 'OXU31651.1', 'XP_013181177.1', 'XP_023951836.1', 'XP_022814714.1', 'XP_011495454.1', 'XP_031782397.1', 'XP_047345262.1', 'XP_022687389.1', 'XP_011300844.1', 'VVC89889.1', 'XP_046739603.1', 'XP_011871913.1', 'XP_029672510.1', 'XP_013191141.1', 'XP_021183614.2', 'RZF39651.1', 'XP_029160210.1', 'XP_053980020.1', 'CAG9770796.1', 'KAF6211166.1', 'XP_043680249.1', 'XP_033348500.1', 'XP_015172254.1', 'CAH1962859.1', 'XP_012253626.2', 'CAD7203235.1', 'XP_054713073.1', 'XP_002427268.1', 'XP_033188210.1', 'KAF7418178.1', 'XP_023721531.1', 'XP_050044619.1', 'KAJ8667563.1', 'XP_040571004.1', 'XP_046473959.1', 'KPI92703.1', 'CAH1962860.1', 'KOC70100.1', 'XP_033336925.1', 'CAF4847652.1', 'XP_028032372.1', 'XP_050673851.1', 'KAH9423412.1', 'XP_039751526.1', 'XP_044260671.1', 'XP_027233229.1', 'XP_046664088.1', 'XP_031829378.1', 'GIX92570.1', 'CAG9834893.1', 'CAG9820641.1', 'XP_037777562.1', 'XP_021917544.1', 'XP_034940751.1', 'XP_050346803.1', 'XP_026732771.1', 'XP_050538428.1', 'XP_050718850.1', 'CAH0581288.1', 'XP_045447356.1', 'XP_037086758.1', 'PSN44106.1', 'XP_033224926.1', 'XP_026812547.1', 'XP_012537654.1', 'XP_028174428.1', 'XP_043501152.1', 'XP_003250992.1', 'XP_022122842.2', 'CAH7769597.1', 'KAI4500616.1', 'XP_050505660.1', 'XP_031770762.2', 'XP_043474751.1', 'XP_054003478.1', 'XP_050302159.1', 'KAI9565448.1', 'XP_003699430.1', 'XP_015121208.1', 'XP_032682698.1', 'XP_039284116.1', 'EFX72095.1', 'XP_012228547.1', 'XP_046962527.1', 'XP_026501214.1', 'XP_019874557.1', 'XP_037563623.1', 'XP_029033511.2', 'KAJ3618353.1', 'XP_035731373.1', 'RVE41517.1', 'KOB78571.1', 'XP_003247568.1', 'CAG4975581.1', 'XP_032515111.1', 'XP_026732772.1', 'XP_020299424.1', 'KAI2801449.1', 'EEC01605.1', 'KAG0426881.1', 'CAH2108269.1', 'GBM97765.1', 'XP_015591582.1', 'GIY04680.1', 'KAJ1519491.1', 'XP_011351126.1', 'XP_034256912.1', 'KAG5321749.1', 'KAH1018684.1'}
1.0	['XP_027204138.1']	GCF_001901225.1	Dermatophagoides pteronyssinus (European house dust mite)	protein arginine N-methyltransferase 5-like	{'Dermatophagoides pteronyssinus', 'Sarcoptes scabiei'}	2.0	1.0	Psoroptidia	parvorder	{52283, 6956}	{'Arthropoda': 2}	{'Sarcoptiformes': 2}	{'Arachnida': 2}	{'KPM09124.1', 'XP_027204138.1'}
2.0	['XP_023346081.1']	GCF_000591075.1	Eurytemora affinis (crustaceans)	fibrillin-1-like	{'Eurytemora affinis'}	1.0	2.0	Eurytemora affinis	species	{88015}	{'Arthropoda': 1}	{'Calanoida': 1}	{'Hexanauplia': 1}	{'XP_023346081.1'}
3.0	['XP_028168683.1']	GCF_004193835.1	Ostrinia furnacalis (Asian corn borer)	uncharacterized protein LOC114358822	{'Ostrinia furnacalis'}	1.0	3.0	Ostrinia furnacalis	species	{93504}	{'Arthropoda': 1}	{'Lepidoptera': 1}	{'Insecta': 1}	{'XP_028168683.1'}
4.0	['XP_031781467.1', 'XP_034487048.1']	GCF_009193385.2	Nasonia vitripennis (jewel wasp)	maternal effect protein oskar isoform X1	{'Ceutorhynchus assimilis', 'Drosophila mojavensis', 'Polistes fuscatus', 'Eciton burchellii', 'Vespula pensylvanica', 'Acanthoscelides obtectus', 'Anopheles cruzii', 'Microplitis demolitor', 'Aedes aegypti', 'Drosophila pseudoobscura', 'Sitophilus oryzae', 'Bradysia odoriphaga', 'Chelonus insularis', 'Cataglyphis hispanica', 'Anopheles maculipalpis', 'Aethina tumida', 'Callosobruchus maculatus', 'Pseudolycoriella hygida', 'Diprion similis', 'Sarcophaga bullata', 'Drosophila santomea', 'Anopheles marshallii', 'Drosophila setifemur', 'Dinoponera quadriceps', 'Temnothorax curvispinosus', 'Ampulex compressa', 'Vollenhovia emeryi', 'Anopheles arabiensis', 'Bactrocera latifrons', 'Trichogramma pretiosum', 'Cotesia glomerata', 'Drosophila rubida', 'Drosophila jambulina', 'Drosophila pandora', 'Anopheles merus', 'Dendroctonus ponderosae', 'Condylostylus longicornis', 'Polistes dominula', 'Atta cephalotes', 'Drosophila arizonae', 'Trachymyrmex cornetzi', 'Anopheles albimanus', 'Drosophila biarmipes', 'Anopheles coluzzii', 'Drosophila elegans', 'Brassicogethes aeneus', 'Cotesia congregata', 'Hermetia illucens', 'Anopheles darlingi', 'Drosophila subobscura', 'Phaedon cochleariae', 'Drosophila innubila', 'Drosophila immigrans', 'Anopheles moucheti', 'Polistes canadensis', 'Camponotus floridanus', 'Vespa crabro', 'Lucilia cuprina', 'Copidosoma floridanum', 'Drosophila albomicans', 'Zeugodacus cucurbitae', 'Drosophila virilis', 'Drosophila serrata', 'Bactrocera tryoni', 'Drosophila hydei', 'Drosophila takahashii', 'Neodiprion fabricii', 'Culex quinquefasciatus', 'Drosophila busckii', 'Coccinella septempunctata', 'Pseudoatta argentina', 'Solenopsis invicta', 'Acromyrmex insinuator', 'Bradysia coprophila', 'Anopheles funestus', 'Drosophila eugracilis', 'Drosophila pseudotakahashii', 'Teleopsis dalmanni', 'Vespa velutina', 'Orussus abietinus', 'Bactrocera dorsalis', 'Psylliodes chrysocephala', 'Drosophila kikkawai', 'Drosophila sechellia', 'Drosophila ananassae', 'Drosophila guanche', 'Bactrocera oleae', 'Vespa mandarinia', 'Athalia rosae', 'Anthonomus grandis grandis', 'Cloeon dipterum', 'Fopius arisanus', 'Venturia canescens', 'Wasmannia auropunctata', 'Lucilia sericata', 'Neodiprion virginianus', 'Drosophila novamexicana', 'Trachymyrmex zeteki', 'Drosophila obscura', 'Drosophila simulans', 'Zaprionus bogoriensis', 'Drosophila yakuba', 'Drosophila miranda', 'Polistes exclamans', 'Drosophila mauritiana', 'Drosophila teissieri', 'Sitodiplosis mosellana', 'Drosophila gunungcola', 'Temnothorax longispinosus', 'Odontomachus brunneus', 'Cotesia typhae', 'Contarinia nasturtii', 'Messor pergandei', 'Neodiprion lecontei', 'Anopheles aquasalis', 'Drosophila melanogaster', 'Leptopilina boulardi', 'Drosophila ficusphila', 'Aedes albopictus', 'Glossina fuscipes', 'Drosophila willistoni', 'Vespula vulgaris', 'Gonioctena quinquepunctata', 'Formica exsecta', 'Anastrepha obliqua', 'Drosophila grimshawi', 'Drosophila suzukii', 'Drosophila rhopaloa', 'Ooceraea biroi', 'Vespula germanica', 'Nylanderia fulva', 'Drosophila erecta', 'Gryllus bimaculatus', 'Frankliniella occidentalis', 'Leptinotarsa decemlineata', 'Anopheles stephensi', 'Leptopilina heterotoma', 'Musca domestica', 'Atta colombica', 'Drosophila sulfurigaster', 'Pogonomyrmex barbatus', 'Drosophila ironensis', 'Acromyrmex echinatior', 'Rhynchophorus ferrugineus', 'Thrips palmi', 'Drosophila persimilis', 'Harmonia axyridis', 'Drosophila bunnanda', 'Drosophila pseudoananassae', 'Anastrepha ludens', 'Drosophila subpulchrella', 'Phyllotreta striolata', 'Monomorium pharaonis', 'Linepithema humile', 'Culex pipiens pallens', 'Drosophila birchii', 'Harpegnathos saltator', 'Diachasma alloeum', 'Mischocyttarus mexicanus', 'Drosophila bipectinata', 'Callosobruchus chinensis', 'Scaptodrosophila lebanonensis', 'Cyphomyrmex costatus', 'Megalurothrips usitatus', 'Anopheles sinensis', 'Anopheles gambiae str. PEST', 'Anopheles nili', 'Trachymyrmex septentrionalis', 'Nasonia vitripennis', 'Sabethes cyaneus', 'Stomoxys calcitrans', 'Acromyrmex charruanus', 'Ceratitis capitata', 'Drosophila navojoa'}	174	4.0	Pterygota	subclass	{30212, 30213, 32260, 59916, 609295, 613905, 460826, 83485, 244254, 197152, 2053667, 174628, 42026, 7213, 7217, 7220, 7222, 202808, 7225, 7224, 7226, 7227, 7229, 439358, 7230, 7232, 441921, 198719, 7234, 7237, 7238, 7240, 7241, 7243, 610380, 72781, 7244, 300111, 300112, 7245, 129105, 7250, 7260, 7263, 222816, 7266, 362088, 7274, 520822, 1041015, 7291, 1086592, 32391, 354439, 458889, 343691, 43151, 411798, 471704, 12957, 115357, 144034, 309927, 621737, 2715315, 41139, 444603, 456900, 69319, 7370, 7375, 47314, 63699, 193234, 200917, 7385, 7167, 1486046, 46829, 486640, 104688, 35570, 161013, 860918, 7425, 111875, 2961670, 2921223, 454923, 91405, 133901, 91411, 7445, 7446, 64791, 95512, 64793, 1867034, 230686, 7454, 53552, 88886, 13632, 27457, 7493, 64838, 30023, 30025, 2598218, 30033, 146774, 51543, 6999, 42839, 1431903, 103775, 29029, 29030, 213866, 77166, 27506, 7539, 30069, 13686, 80249, 2848634, 2848635, 29053, 139649, 64391, 7048, 467358, 34720, 28584, 28586, 2530218, 28588, 65964, 116153, 2015173, 2872261, 63433, 307658, 103372, 63436, 37344, 104421, 7159, 7160, 125945, 30207}	{'Arthropoda': 151}	{'Hymenoptera': 58, 'Orthoptera': 1, 'Coleoptera': 17, 'Ephemeroptera': 1, 'Thysanoptera': 3, 'Diptera': 71}	{'Insecta': 151}	{'XP_049538468.1', 'EDW15577.2', 'XP_050085124.1', 'XP_044590490.1', 'XP_017058667.1', 'XP_049279123.1', 'XP_048524098.1', 'XP_002017385.1', 'XP_037038002.1', 'XP_004529163.1', 'CAH7735772.1', 'XP_031636566.1', 'KYQ51759.1', 'XP_032668803.1', 'XP_034115674.2', 'KAG7205520.1', 'XP_046409602.1', 'XP_017071884.2', 'XP_043501024.1', 'TGZ51935.1', 'XP_001359508.2', 'XP_039495831.1', 'KAH8243842.1', 'XP_050447412.1', 'Q24741.1', 'XP_050070135.1', 'XP_022213619.2', 'KAG8038913.1', 'XP_002104196.1', 'XP_011305506.1', 'XP_011211954.1', 'KAH8389098.1', 'CAB3376103.1', 'XP_011700631.1', 'XP_017845653.1', 'XP_001980894.1', 'XP_016961451.1', 'XP_011635164.1', 'XP_050314056.1', 'KAG5327209.1', 'XP_023173869.2', 'XP_018354843.1', 'XP_040151724.1', 'KAH8335379.1', 'KAH8331279.1', 'AFV31610.1', 'XP_043470762.1', 'XP_014610361.1', 'XP_053658449.1', 'ABC41128.1', 'XP_043269694.1', 'XP_046805267.1', 'XP_012229836.1', 'XP_014478649.1', 'XP_052889017.1', 'XP_008556449.1', 'XP_016035546.1', 'KAH8311831.1', 'XP_053964128.1', 'XP_002031969.1', 'XP_016978919.2', 'XP_017014240.2', 'NP_996186.1', 'CAB3376104.1', 'XP_015178316.1', 'XP_015518618.1', 'XP_015111705.1', 'XP_011057669.1', 'XP_019558301.2', 'XP_047349567.1', 'XP_055382604.1', 'XP_026280917.1', 'XP_045481616.1', 'KFB52938.1', 'XP_030572142.1', 'XP_313289.3', 'CAG5084859.1', 'KAH8351164.1', 'KAG5314129.1', 'KAF7267146.1', 'XP_011057670.1', 'XP_053669955.1', 'XP_054746883.1', 'XP_001953297.1', 'XP_018797243.1', 'XP_002000116.4', 'KAG5330617.1', 'XP_029168595.1', 'KAH8292396.1', 'XP_040224333.2', 'KAH8417332.1', 'CAH1970015.1', 'XP_030374856.1', 'XP_039970531.1', 'XP_001848641.1', 'KAF7401217.1', 'XP_011252874.1', 'KAJ6649716.1', 'KAJ1522040.1', 'XP_041764004.1', 'XP_020818561.1', 'XP_039442212.1', 'XP_044766079.1', 'XP_034662481.1', 'NP_001234884.1', 'KAH8250206.1', 'XP_043651276.1', 'KAI8129859.1', 'XP_030756107.1', 'XP_011862145.1', 'XP_018043713.1', 'XP_018407286.1', 'CAH0562642.1', 'XP_046748030.1', 'KAI4493748.1', 'XP_011188082.1', 'XP_005175649.2', 'XP_031781467.1', 'XP_024873093.1', 'XP_014212910.1', 'XP_011147428.1', 'XP_034132144.1', 'XP_029672554.1', 'ADM07366.1', 'XP_033162839.1', 'XP_046821568.1', 'XP_016941563.2', 'KAI4504115.1', 'XP_023290582.1', 'ABH12273.1', 'KAH8347292.1', 'XP_012267561.2', 'KYN30855.1', 'CAG9764240.1', 'XP_002096875.1', 'XP_035894367.1', 'XP_037732086.1', 'XP_011165902.2', 'XP_052836976.1', 'XP_018308749.1', 'XP_051170710.1', 'KAH8376357.1', 'KXJ73715.1', 'EDW81267.2', 'XP_053691372.1', 'KAF7398398.1', 'XP_052867989.1', 'CAH1103465.1', 'XP_037808551.1', 'CAG9855357.1', 'KAH0954274.1', 'XP_017856611.1', 'XP_012060266.1', 'XP_011334222.1', 'XP_034662482.1', 'XP_017123986.1', 'CAH1153764.1', 'VEN57187.1', 'XP_034487048.1', 'XP_002053269.1', 'TMW50572.1', 'XP_014097078.1', 'XP_017140398.1', 'KAH8369142.1', 'XP_014224720.1', 'XP_055300859.1', 'KAG4065928.1', 'CAD7093050.1', 'XP_023025754.1', 'XP_013106491.1', 'XP_018376903.1', 'XP_034950598.1', 'KAH8304938.1', 'XP_034229961.1', 'XP_043670004.1', 'XP_030246782.1', 'KAG5883741.1', 'XP_037892586.1', 'XP_035777443.1', 'XP_046603057.1', 'XP_001994345.1', 'XP_037954061.1', 'XP_035718001.1', 'KAH8265468.1', 'XP_019880291.1', 'XP_012532829.1', 'KAH8359143.1'}
5.0	['XP_022243968.1']	GCF_000517525.1	Limulus polyphemus (Atlantic horseshoe crab)	uncharacterized protein LOC106461128 isoform X1	{'Limulus polyphemus'}	1.0	5.0	Limulus polyphemus	species	{6850}	{'Arthropoda': 1}	{'Xiphosura': 1}	{'Merostomata': 1}	{'XP_022243968.1'}
6.0	['XP_046403459.1']	GCF_921293095.1	Ischnura elegans (damselflies)	anoctamin-5-like isoform X2	{'Ischnura elegans'}	1.0	6.0	Ischnura elegans	species	{197161}	{'Arthropoda': 1}	{'Odonata': 1}	{'Insecta': 1}	{'XP_046403459.1'}
7.0	['XP_046456339.1', 'XP_046645476.1', 'XP_046456333.1', 'XP_046456336.1']	GCF_021134715.1	Daphnia pulex (common water flea)	uncharacterized protein LOC124203642 isoform X1	{'Daphnia magna', 'Daphnia sinensis', 'Daphnia galeata', 'Daphnia pulex', 'Daphnia pulicaria'}	5	7.0	Daphnia	genus	{35523, 35525, 27404, 6669, 1820382}	{'Arthropoda': 5}	{'Diplostraca': 5}	{'Branchiopoda': 5}	{'XP_046456339.1', 'XP_046645554.1', 'KAI9558955.1', 'XP_046645474.1', 'CAH0106483.1', 'XP_046456336.1', 'XP_045027829.1', 'CAH0106484.1', 'XP_046645476.1', 'XP_046456333.1'}
8.0	['XP_050528041.1']	GCF_025091365.1	Daktulosphaira vitifoliae (grape phylloxera)	uncharacterized protein LOC126898135	{'Leptidea sinapis', 'Vanessa cardui', 'Bombyx mori', 'Bactrocera tryoni', 'Eretmocerus hayati', 'Myzus persicae', 'Parnassius apollo', 'Chilo suppressalis', 'Daktulosphaira vitifoliae', 'Pieris macdunnoughi', 'Papilio machaon', 'Pararge aegeria aegeria', 'Pieris napi', 'Aphis gossypii', 'Euphydryas editha', 'Bombyx mandarina', 'Bactrocera dorsalis', 'Chelonus insularis'}	18.0	8.0	Neoptera	infraclass	{27457, 76193, 78633, 13164, 59916, 110799, 348720, 131215, 58002, 7091, 7092, 345717, 171605, 168631, 189913, 460826, 104508, 80765}	{'Arthropoda': 18}	{'Lepidoptera': 11, 'Hemiptera': 3, 'Hymenoptera': 2, 'Diptera': 2}	{'Insecta': 18}	{'XP_046970611.1', 'CAH2083798.1', 'CAF4919396.1', 'VVC90161.1', 'XP_039970108.1', 'XP_050065545.1', 'KAJ8683432.1', 'XP_022160533.1', 'XP_014361597.2', 'XP_037874150.1', 'XP_049318293.1', 'XP_028032916.1', 'RVE43026.1', 'CAG4936094.1', 'XP_034945152.1', 'XP_050528041.1', 'XP_047522208.1', 'CAH2233635.1'}
9.0	['XP_049785902.1']	GCF_023864275.1	Schistocerca cancellata (South American locust)	uncharacterized protein LOC126188346	{'Schistocerca cancellata'}	1.0	9.0	Schistocerca cancellata	species	{274614.0}	{'Arthropoda': 1}	{'Orthoptera': 1}	{'Insecta': 1}	{'XP_049785902.1'}
10.0	['XP_015833841.1']	GCF_000002335.3	Tribolium castaneum (red flour beetle)	activating transcription factor 7-interacting protein 1 isoform X1	{'Tribolium castaneum', 'Tribolium madens'}	2.0	10.0	Tribolium	genus	{7070, 41895}	{'Arthropoda': 2}	{'Coleoptera': 2}	{'Insecta': 2}	{'XP_044271964.1', 'XP_015833841.1'}
11.0	['XP_031842795.1']	GCF_003710045.2	Nomia melanderi (Alkali bee)	LOW QUALITY PROTEIN: moesin/ezrin/radixin homolog 1-like	{'Nomia melanderi'}	1.0	11.0	Nomia melanderi	species	{2448451.0}	{'Arthropoda': 1}	{'Hymenoptera': 1}	{'Insecta': 1}	{'XP_031842795.1'}
12.0	['XP_033209845.1', 'XP_039283995.1', 'XP_023247543.1', 'XP_033212818.1', 'XP_033212670.1', 'XP_018326454.1', 'XP_033210401.1', 'XP_008551656.1']	GCF_010883055.1	BeloNocnema kinseyi (wasps, ants & bees)	probable helicase senataxin	{'Ceutorhynchus assimilis', 'Polistes fuscatus', 'Anopheles cruzii', 'Acanthoscelides obtectus', 'Aedes aegypti', 'Drosophila pseudoobscura', 'Nymphalis io', 'Heterotrigona itama', 'Ceratosolen solmsi marchali', 'Anopheles marshallii', 'Drosophila setifemur', 'Dinoponera quadriceps', 'Temnothorax curvispinosus', 'Ampulex compressa', 'Vollenhovia emeryi', 'Bemisia tabaci', 'Bactrocera latifrons', 'Trichogramma pretiosum', 'Cotesia glomerata', 'Anopheles arabiensis', 'Tuta absoluta', 'Condylostylus longicornis', 'Atta cephalotes', 'Hyposmocoma kahamanoa', 'Ischnura elegans', 'Anopheles coluzzii', 'Brassicogethes aeneus', 'Cotesia congregata', 'Schistocerca nitens', 'Phaedon cochleariae', 'Schistocerca piceifrons', 'Aphis gossypii', 'Plutella xylostella', 'Diaphorina citri', 'Photinus pyralis', 'Polistes canadensis', 'Vespa crabro', 'Bombus affinis', 'Copidosoma floridanum', 'Drosophila albomicans', 'Diatraea saccharalis', 'Zeugodacus cucurbitae', 'Drosophila virilis', 'Pseudomyrmex gracilis', 'Pieris macdunnoughi', 'Hylaeus anthracinus', 'Megachile rotundata', 'Schistocerca gregaria', 'Drosophila takahashii', 'Neodiprion fabricii', 'Tigriopus californicus', 'Pseudoatta argentina', 'Solenopsis invicta', 'Daphnia magna', 'Bactrocera dorsalis', 'Drosophila kikkawai', 'Nicrophorus vespilloides', 'Drosophila sechellia', 'Bactrocera oleae', 'Vespa mandarinia', 'Melipona quadrifasciata', 'Athalia rosae', 'Diabrotica virgifera virgifera', 'Fopius arisanus', 'Venturia canescens', 'Zootermopsis nevadensis', 'Cinara cedri', 'Trichonephila clavata', 'Aphis glycines', 'Rhipicephalus microplus', 'Trachymyrmex zeteki', 'Melitaea cinxia', 'Drosophila simulans', 'Bicyclus anynana', 'Drosophila miranda', 'Halyomorpha halys', 'Drosophila mauritiana', 'Dermacentor andersoni', 'Cotesia typhae', 'Contarinia nasturtii', 'Vanessa tameamea', 'Neodiprion lecontei', 'Trichonephila clavipes', 'Vanessa cardui', 'Tetranychus urticae', 'Neodiprion pinetum', 'Leptopilina boulardi', 'Apis mellifera carnica', 'Glossina fuscipes', 'Formica exsecta', 'Pieris napi', 'Chilo suppressalis', 'Anastrepha obliqua', 'Drosophila grimshawi', 'Pieris rapae', 'Amyelois transitella', 'Ooceraea biroi', 'Vespula germanica', 'Apis mellifera caucasica', 'Frankliniella occidentalis', 'Bombus terrestris', 'Atta colombica', 'Pogonomyrmex barbatus', 'Habropoda laboriosa', 'Rhynchophorus ferrugineus', 'Thrips palmi', 'Maniola jurtina', 'Eufriesea mexicana', 'Rhipicephalus sanguineus', 'Portunus trituberculatus', 'Acyrthosiphon pisum', 'Dinothrombium tinctorium', 'Drosophila birchii', 'Drosophila bipectinata', 'Bombus vosnesenskii', 'Daphnia galeata', 'Scaptodrosophila lebanonensis', 'Cyphomyrmex costatus', 'Belonocnema kinseyi', 'Lamprigera yunnana', 'Oedothorax gibbosus', 'Plodia interpunctella', 'Coptotermes formosanus', 'Rhagoletis zephyria', 'Ixodes persulcatus', 'Acromyrmex charruanus', 'Ceratitis capitata', 'Parnassius apollo', 'Ostrinia furnacalis', 'Vespula pensylvanica', 'Eciton burchellii', 'Macrosteles quadrilineatus', 'Microplitis demolitor', 'Caerostris extrusa', 'Chrysodeixis includens', 'Zerene cesonia', 'Laodelphax striatellus', 'Bradysia odoriphaga', 'Sitophilus oryzae', 'Chelonus insularis', 'Cataglyphis hispanica', 'Papilio polytes', 'Aethina tumida', 'Parasteatoda tepidariorum', 'Daphnia pulicaria', 'Callosobruchus maculatus', 'Apis dorsata', 'Osmia bicornis bicornis', 'Pseudolycoriella hygida', 'Diprion similis', 'Caerostris darwini', 'Colletes gigas', 'Apis mellifera', 'Dendrolimus kikuchii', 'Drosophila rubida', 'Cephus cinctus', 'Papilio machaon', 'Nezara viridula', 'Drosophila pandora', 'Anopheles merus', 'Amphibalanus amphitrite', 'Dendroctonus ponderosae', 'Drosophila arizonae', 'Trachymyrmex cornetzi', 'Anopheles albimanus', 'Drosophila biarmipes', 'Spodoptera frugiperda', 'Apis cerana cerana', 'Drosophila elegans', 'Megalopta genalis', 'Hermetia illucens', 'Anopheles darlingi', 'Iphiclides podalirius', 'Eurytemora affinis', 'Apis florea', 'Pectinophora gossypiella', 'Drosophila innubila', 'Stegodyphus dumicola', 'Nilaparvata lugens', 'Spodoptera litura', 'Trichomalopsis sarcophagae', 'Camponotus floridanus', 'Stegodyphus mimosarum', 'Halotydeus destructor', 'Ceratina calcarata', 'Lucilia cuprina', 'Danaus chrysippus', 'Pieris brassicae', 'Mythimna separata', 'Mythimna loreyi', 'Bactrocera tryoni', 'Spodoptera littoralis', 'Apolygus lucorum', 'Trichoplusia ni', 'Drosophila hydei', 'Aphidius gifuensis', 'Drosophila busckii', 'Folsomia candida', 'Acromyrmex insinuator', 'Vanessa atalanta', 'Bradysia coprophila', 'Anopheles funestus', 'Onthophagus taurus', 'Limulus polyphemus', 'Teleopsis dalmanni', 'Sipha flava', 'Argiope bruennichi', 'Vespa velutina', 'Osmia lignaria', 'Schistocerca serialis cubense', 'Acromyrmex heyeri', 'Orussus abietinus', 'Trichonephila inaurata madagascariensis', 'Maniola hyperantus', 'Psylliodes chrysocephala', 'Schistocerca cancellata', 'Bombyx mandarina', 'Bombyx mori', 'Frieseomelitta varia', 'Myzus persicae', 'Hylaeus volcanicus', 'Drosophila guanche', 'Anthonomus grandis grandis', 'Anoplophora glabripennis', 'Uloborus diversus', 'Helicoverpa armigera', 'Papilio xuthus', 'Wasmannia auropunctata', 'Daphnia sinensis', 'Nomia melanderi', 'Neodiprion virginianus', 'Bombus huntii', 'Drosophila novamexicana', 'Drosophila obscura', 'Daphnia pulex', 'Dufourea novaeangliae', 'Polistes exclamans', 'Bombus bifarius', 'Abscondita terminalis', 'Sitodiplosis mosellana', 'Drosophila gunungcola', 'Araneus ventricosus', 'Bombus impatiens', 'Temnothorax longispinosus', 'Odontomachus brunneus', 'Rhopalosiphum maidis', 'Aricia agestis', 'Vespula vulgaris', 'Gonioctena quinquepunctata', 'Galleria mellonella', 'Ixodes scapularis', 'Pararge aegeria', 'Agrilus planipennis', 'Nylanderia fulva', 'Gryllus bimaculatus', 'Leptinotarsa decemlineata', 'Bombus pyrosoma', 'Leptopilina heterotoma', 'Rhagoletis pomonella', 'Musca domestica', 'Manduca sexta', 'Drosophila sulfurigaster', 'Allacma fusca', 'Acromyrmex echinatior', 'Brenthis ino', 'Daktulosphaira vitifoliae', 'Helicoverpa zea', 'Drosophila persimilis', 'Colias croceus', 'Anastrepha ludens', 'Phyllotreta striolata', 'Monomorium pharaonis', 'Cimex lectularius', 'Ctenocephalides felis', 'Leptidea sinapis', 'Bombus vancouverensis nearcticus', 'Timema poppensis', 'Linepithema humile', 'Harpegnathos saltator', 'Diachasma alloeum', 'Mischocyttarus mexicanus', 'Bactrocera neohumeralis', 'Adelges cooleyi', 'Euphydryas editha', 'Melanaphis sacchari', 'Callosobruchus chinensis', 'Eretmocerus hayati', 'Apis cerana', 'Apis laboriosa', 'Danaus plexippus plexippus', 'Anopheles gambiae str. PEST', 'Trachymyrmex septentrionalis', 'Nasonia vitripennis', 'Homalodisca vitripennis', 'Leguminivora glycinivorella', 'Arctia plantaginis', 'Eriocheir sinensis', 'Stomoxys calcitrans', 'Schistocerca americana', 'Nephila pilipes', 'Centruroides sculpturatus', 'Dermacentor silvarum', 'Spodoptera exigua'}	303	12.0	Arthropoda	phylum	{30212, 32260, 30213, 1437191, 32264, 6669, 1965070, 609295, 613905, 132113, 2817044, 166423, 58824, 460826, 83485, 2053667, 197161, 2795564, 7222, 202808, 72248, 7229, 170557, 441921, 7234, 2448451, 171585, 7237, 441929, 610380, 72781, 7244, 300111, 300112, 143950, 171605, 91739, 222816, 7266, 362088, 684658, 7282, 345717, 520822, 183418, 143995, 36987, 396416, 1086592, 33412, 248454, 32391, 131215, 156304, 58002, 543379, 516756, 40085, 411798, 471704, 88217, 12957, 85661, 219809, 144034, 621737, 2715315, 309941, 274613, 274614, 168631, 113334, 444603, 69820, 6850, 35523, 313031, 69319, 110791, 765133, 110799, 7375, 47314, 200917, 200407, 1820382, 7396, 935657, 158441, 680683, 395501, 486640, 265458, 313075, 35572, 860918, 702717, 7425, 2961670, 454923, 27404, 91405, 133901, 91411, 7445, 7446, 64791, 64793, 2705178, 211228, 230685, 7454, 6941, 207650, 42275, 7460, 7461, 7462, 7463, 334116, 78633, 195883, 667449, 34620, 85310, 93504, 30019, 7493, 64838, 34632, 2598218, 74068, 1564500, 146774, 6999, 51543, 7515, 1431903, 473952, 7009, 7010, 7011, 218467, 136037, 213866, 271217, 27506, 178035, 7539, 13686, 80249, 7038, 224129, 29058, 64391, 7048, 115081, 543639, 34720, 1477025, 76194, 76193, 561572, 79782, 370605, 94128, 7091, 7092, 197043, 116150, 116153, 191418, 2023355, 326594, 7107, 7108, 2015173, 2872261, 7111, 7109, 63433, 307658, 133065, 103372, 63436, 51655, 64459, 597456, 7113, 38358, 874455, 7130, 37344, 7137, 263140, 104421, 286706, 30195, 151541, 121845, 103933, 30207}	{'Arthropoda': 202}	{'Hymenoptera': 94, 'Blattodea': 2, 'Orthoptera': 7, 'Siphonaptera': 1, 'Diplostraca': 4, 'Odonata': 1, 'Thysanoptera': 1, 'Hemiptera': 12, 'Entomobryomorpha': 1, 'Trombidiformes': 2, 'Lepidoptera': 42, 'Coleoptera': 12, 'Diptera': 16, 'Ixodida': 4, 'Scorpiones': 1, 'Phasmatodea': 1, 'Xiphosura': 1}	{'Insecta': 189, 'Arachnida': 7, 'Branchiopoda': 4, 'Merostomata': 1, 'Collembola': 1}	{'KAF5299873.1', 'XP_039310051.1', 'XP_014613729.1', 'KAJ8679254.1', 'XP_055312580.1', 'XP_050039222.1', 'XP_047534808.1', 'GFY50301.1', 'XP_031370069.1', 'CAH2039510.1', 'XP_008551661.1', 'XP_031782383.1', 'XP_015906799.2', 'XP_034480977.1', 'XP_046436801.1', 'XP_011333413.1', 'XP_024885344.1', 'XP_031782384.1', 'XP_025415508.1', 'CAG9561282.1', 'XP_049706781.1', 'XP_012166532.2', 'RZF35554.1', 'KAH8365769.1', 'XP_013106748.1', 'GFT33454.1', 'KAH8351645.1', 'XP_002046923.1', 'XP_012141284.1', 'XP_018392777.1', 'XP_011056871.1', 'XP_046652195.1', 'XP_029669708.1', 'XP_017464921.1', 'XP_054732976.1', 'EEC12930.1', 'XP_055374118.1', 'XP_044589240.1', 'KAI4484731.1', 'XP_037044453.1', 'CAD7004596.1', 'XP_045495900.1', 'XP_030749208.1', 'CAG9853655.1', 'XP_026325144.1', 'ETN59028.1', 'XP_049547094.1', 'TRY72130.1', 'XP_050855849.1', 'XP_032666246.1', 'XP_046968715.1', 'XP_022830083.1', 'XP_034250544.1', 'XP_011494320.1', 'XP_037933622.1', 'XP_052128959.1', 'XP_025197198.1', 'XP_045766874.1', 'XP_011150742.1', 'XP_018569596.1', 'XP_050332734.1', 'XP_053606513.1', 'KOX75801.1', 'XP_011878014.1', 'XP_039964327.1', 'XP_012348538.1', 'RWS09267.1', 'KAH1003993.1', 'CAG9761525.1', 'XP_046595258.1', 'XP_050442247.1', 'CAG5093759.1', 'KPI97309.1', 'KYN20402.1', 'KAF7268958.1', 'XP_022130117.2', 'XP_050544882.1', 'CAH0729828.1', 'RVE47408.1', 'XP_045135748.1', 'XP_018569595.1', 'XP_023229120.1', 'XP_044006980.1', 'EFX63126.1', 'XP_045536090.1', 'XP_047516373.1', 'TGZ49081.1', 'XP_033210400.1', 'XP_016769194.1', 'KAG5320692.1', 'XP_045526505.1', 'XP_049318203.1', 'GFG40447.1', 'XP_031832015.1', 'XP_050055379.1', 'CAH0398792.1', 'KAI1305860.1', 'XP_046826319.1', 'KAG5326999.1', 'OAD53199.1', 'XP_043588324.1', 'XP_050490672.1', 'XP_047113155.1', 'XP_023247543.1', 'XP_050675106.1', 'XP_046652197.1', 'CAD6241409.1', 'XP_024885343.1', 'KAI5749482.1', 'XP_037893264.1', 'CAH1964009.1', 'CAH1110310.1', 'XP_037044456.1', 'XP_052859682.1', 'XP_033319251.1', 'XP_043675743.1', 'GFV06026.1', 'XP_047993549.1', 'KAG4070944.1', 'VVC35338.1', 'XP_033339288.1', 'XP_048487769.1', 'XP_018353437.1', 'EGI63992.1', 'XP_046745747.1', 'XP_018312507.1', 'KAF3425634.1', 'XP_053985855.1', 'XP_046396377.1', 'KAG7206097.1', 'XP_030749207.1', 'GFR25052.1', 'KAF6202501.1', 'XP_050508717.1', 'XP_035785754.1', 'KAJ6641516.1', 'XP_035785755.1', 'OXU31104.1', 'GLH09336.1', 'XP_018788068.1', 'XP_050544879.1', 'CAH0111432.1', 'KAJ8713537.1', 'KOC65325.1', 'XP_004523816.1', 'XP_034136992.1', 'XP_031346062.1', 'GFY57275.1', 'XP_049860932.1', 'KAI8126284.1', 'XP_046659339.1', 'XP_017127694.1', 'KYQ48941.1', 'KAF7393622.1', 'CAH0584348.1', 'XP_034935270.1', 'XP_051154211.1', 'KFM75397.1', 'XP_033210401.1', 'XP_036347308.1', 'XP_034188054.1', 'XP_019755807.1', 'XP_001354266.4', 'XP_050717297.1', 'XP_015438042.1', 'XP_055322824.1', 'XP_045526504.1', 'XP_044589239.1', 'XP_020284954.1', 'XP_035228434.1', 'XP_012056659.1', 'XP_030372869.1', 'XP_018050471.1', 'XP_050299365.1', 'XP_023027827.1', 'XP_024940518.1', 'XP_039283995.1', 'EFX89072.1', 'XP_047354664.1', 'KAG8038840.1', 'KAI5713362.1', 'KAH0956586.1', 'XP_012264614.2', 'XP_014243841.1', 'CAD7409286.1', 'XP_035720414.1', 'XP_037907216.1', 'XP_018899045.1', 'XP_026819457.1', 'XP_030020061.1', 'KAG9431601.1', 'XP_047026562.1', 'XP_011647979.1', 'KAJ2943741.1', 'XP_046424856.1', 'XP_050549253.1', 'XP_049957328.1', 'XP_049810855.1', 'XP_025268421.1', 'XP_050460540.1', 'KAF0291509.1', 'EDW40653.1', 'XP_023223146.1', 'XP_050521398.1', 'KAF8788336.1', 'XP_012270150.1', 'XP_011308436.1', 'XP_022231025.2', 'EFX90315.1', 'XP_041769034.1', 'XP_012239039.1', 'KAI4497983.1', 'XP_050441439.1', 'XP_006558719.1', 'VVD03167.1', 'XP_017840111.1', 'XP_054719165.1', 'XP_018326454.1', 'XP_043792040.1', 'XP_013171894.1', 'XP_046396379.1', 'CAD1475543.1', 'KAF5294950.1', 'CAH0389597.1', 'CAF4925302.1', 'XP_045450707.1', 'XP_043497222.1', 'XP_026499115.1', 'XP_024940516.1', 'CAG9821734.1', 'XP_044589238.1', 'XP_021698786.1', 'XP_043675742.1', 'XP_040150976.1', 'GBM79031.1', 'XP_016911196.1', 'VEN41132.1', 'XP_031633385.1', 'XP_045026407.1', 'XP_037044454.1', 'XP_017011857.2', 'XP_017768937.1', 'XP_315956.4', 'XP_050855850.1', 'XP_017883205.1', 'XP_018362590.1', 'XP_023229123.1', 'XP_046659338.1', 'XP_026285273.2', 'CAH2091068.1', 'XP_020284958.1', 'XP_017763041.1', 'XP_050351478.1', 'KAH7967878.1', 'XP_008551656.1', 'XP_043283198.1', 'XP_033198110.1', 'XP_051167833.1', 'XP_046652196.1', 'XP_053953085.1', 'XP_021916612.1', 'XP_011292681.1', 'XP_023222696.1', 'XP_043251091.1', 'CAG7685552.1', 'XP_033159483.1', 'XP_053665076.1', 'XP_033348254.1', 'XP_015924491.1', 'XP_026851257.1', 'XP_014488421.1', 'CAH1110311.1', 'XP_017464922.1', 'GIY10503.1', 'XP_004931524.2', 'XP_002137202.3', 'KAJ0178236.1', 'KAH8379148.1', 'XP_034831248.1', 'KYM81023.1', 'XP_043463937.1', 'CAB3259969.1', 'XP_046659340.1', 'XP_029342064.1', 'XP_022908050.1', 'XP_026464490.1', 'XP_039755344.1', 'XP_017016613.1', 'XP_029160116.1', 'CAB3509080.1', 'CAH0694089.1', 'XP_026849591.1', 'XP_030572366.1', 'XP_014243839.1', 'XP_046480902.1', 'XP_049873921.1', 'XP_014284930.1', 'XP_038223624.1', 'XP_052754887.1', 'XP_046618406.1', 'XP_012528721.1', 'XP_012141285.1', 'KAG5873401.1', 'XP_037893262.1', 'XP_014613728.1', 'XP_050508719.1', 'CAH2091069.1', 'KAG8200350.1', 'XP_014085144.2', 'KAG5332504.1', 'KAH7953978.1', 'XP_041987280.1', 'KAH8247988.1', 'KAF9803103.1', 'XP_016965727.1', 'KAJ8716059.1', 'XP_050441464.1', 'XP_034188053.1', 'XP_028041797.1', 'XP_021950063.1', 'XP_054015528.1', 'CAH1964010.1', 'EDW23893.1', 'XP_001983946.1', 'EDX09645.1', 'EFN64578.1', 'XP_043588322.1', 'XP_032520434.1', 'XP_046992834.1', 'XP_011693065.1', 'XP_052845073.1', 'CAH0546293.1', 'XP_029040982.2', 'KAG0413391.1', 'XP_054286381.1', 'XP_013190679.1', 'XP_051154266.1', 'XP_023174172.2', 'OWR42200.1', 'CAH7727487.1', 'XP_012215429.1', 'XP_049296439.1', 'XP_023349213.1', 'XP_023293655.2', 'XP_049819307.1', 'CAB3251727.1', 'XP_023934202.2', 'XP_031832017.1', 'XP_015121926.1', 'XP_022182341.1', 'XP_011195674.2', 'XP_031782382.1', 'XP_033242162.1', 'PBC26114.1', 'XP_011693066.1', 'XP_050299214.1', 'KAG5311775.1', 'CAG9561283.1', 'GIY57947.1', 'XP_022248751.1', 'XP_026738522.1', 'XP_023317349.1', 'XP_040224920.2', 'XP_050596210.1', 'XP_033212818.1', 'XP_049873918.1', 'KAE9523322.1', 'KAG6803231.1', 'XP_049780070.1', 'XP_014488402.1', 'XP_033212670.1', 'CAH1725386.1', 'XP_033209845.1', 'XP_037277537.1', 'XP_043514484.1', 'CAG9793920.1', 'XP_031633386.1', 'KAH8320201.1', 'KAH8256274.1', 'XP_053953084.1', 'XP_028172563.1', 'XP_015793755.1', 'XP_043792041.1', 'CAG5093618.1', 'CAH1398076.1', 'XP_043229754.1', 'CAG4947293.1', 'XP_031636106.1', 'XP_025835859.1', 'KAI9555294.1', 'XP_043483805.1', 'XP_017864343.1', 'XP_041449607.1', 'XP_013146877.1'}
13.0	['XP_012275032.1']	GCF_000612105.2	Orussus abietinus (hymeNopterans)	mediator of DNA damage checkpoint protein 1	{'Apis cerana', 'Acromyrmex charruanus', 'Trachymyrmex septentrionalis', 'Apis cerana cerana', 'Atta cephalotes', 'Linepithema humile', 'Pseudoatta argentina', 'Vollenhovia emeryi', 'Trachymyrmex zeteki', 'Trachymyrmex cornetzi', 'Acromyrmex heyeri', 'Monomorium pharaonis', 'Orussus abietinus', 'Harpegnathos saltator', 'Habropoda laboriosa', 'Ooceraea biroi', 'Cyphomyrmex costatus', 'Wasmannia auropunctata', 'Atta colombica', 'Copidosoma floridanum', 'Megalopta genalis', 'Pseudomyrmex gracilis', 'Trichogramma pretiosum', 'Acromyrmex insinuator'}	24.0	13.0	Hymenoptera	order	{115081.0, 411798.0, 64791.0, 471704.0, 64793.0, 83485.0, 12957.0, 230685.0, 230686.0, 219809.0, 34720.0, 7461.0, 621737.0, 94128.0, 2715315.0, 456900.0, 2015173.0, 7493.0, 307658.0, 610380.0, 597456.0, 222816.0, 520822.0, 29053.0}	{'Arthropoda': 24}	{'Hymenoptera': 24}	{'Insecta': 24}	{'XP_033323150.1', 'KAG5320864.1', 'XP_011137987.2', 'XP_014208344.1', 'KAG5325297.1', 'XP_012275032.1', 'XP_014224916.2', 'KAG5329498.1', 'KAG5306784.1', 'XP_020285994.1', 'KOC63850.1', 'KYM93603.1', 'XP_012235937.1', 'XP_012061165.1', 'XP_018339423.1', 'XP_011859907.1', 'XP_018315817.1', 'XP_018059591.1', 'XP_012532719.1', 'XP_028522663.1', 'XP_011687860.1', 'KYN11698.1', 'PBC31468.1', 'EZA61888.1'}
14.0	['XP_037049533.1']	GCF_014529535.1	Bradysia coprophila (flies)	integumentary mucin C.1-like	{'Bradysia coprophila'}	1.0	14.0	Bradysia coprophila	species	{38358.0}	{'Arthropoda': 1}	{'Diptera': 1}	{'Insecta': 1}	{'XP_037049533.1'}
15.0	['XP_037041958.1']	GCF_014529535.1	Bradysia coprophila (flies)	uncharacterized protein LOC119078504	{'Bradysia coprophila'}	1.0	15.0	Bradysia coprophila	species	{38358}	{'Arthropoda': 1}	{'Diptera': 1}	{'Insecta': 1}	{'XP_037041958.1'}
16.0	['XP_029821973.3']	GCF_016920785.2	Ixodes scapularis (black-legged tick)	uncharacterized protein LOC115308258 isoform X1	{'Ixodes scapularis', 'Ixodes persulcatus'}	2.0	16.0	Ixodes	genus	{6945, 34615}	{'Arthropoda': 2}	{'Ixodida': 2}	{'Arachnida': 2}	{'XP_029821973.3', 'KAG0423773.1'}
17.0	['XP_049849891.1']	GCF_023897955.1	Schistocerca gregaria (desert locust)	uncharacterized protein LOC126320442 isoform X2	{'Schistocerca gregaria'}	1.0	17.0	Schistocerca gregaria	species	{7010}	{'Arthropoda': 1}	{'Orthoptera': 1}	{'Insecta': 1}	{'XP_049849891.1'}
18.0	['XP_015786976.1']	GCF_000239435.1	Tetranychus urticae (two-spotted spider mite)	uncharacterized protein LOC107364166 isoform X2	{'Diaphorina citri', 'Tetranychus urticae'}	2.0	18.0	Arthropoda	phylum	{32264, 121845}	{'Arthropoda': 2}	{'Hemiptera': 1, 'Trombidiformes': 1}	{'Arachnida': 1, 'Insecta': 1}	{'XP_026688571.1', 'XP_015786976.1'}
19.0	['XP_026676798.1']	GCF_000475195.1	Diaphorina citri (Asian citrus psyllid)	dentin sialophosphoprotein-like	{'Cimex lectularius', 'Belonocnema kinseyi', 'Diaphorina citri', 'Cinara cedri', 'Melanaphis sacchari', 'Chelonus insularis'}	6.0	19.0	Neoptera	infraclass	{79782, 506608, 2817044, 121845, 460826, 742174}	{'Arthropoda': 6}	{'Hemiptera': 4, 'Hymenoptera': 2}	{'Insecta': 6}	{'XP_026676798.1', 'XP_034946490.1', 'XP_033229984.1', 'VVC44564.1', 'XP_014240324.1', 'XP_025197928.1'}
20.0	['XP_045595407.1']	GCF_020424385.1	Procambarus clarkii (red swamp crayfish)	uncharacterized protein LOC123756362	{'Eriocheir sinensis', 'Portunus trituberculatus', 'Procambarus clarkii'}	3.0	20.0	Pleocyemata	suborder	{6728, 210409, 95602}	{'Arthropoda': 3}	{'Decapoda': 3}	{'Malacostraca': 3}	{'XP_050721103.1', 'XP_045595407.1', 'MPC23693.1'}
21.0	['XP_035711638.1']	GCF_002217175.1	Folsomia candida (springtails)	uncharacterized protein LOC118437006	{'Folsomia candida', 'Orchesella cincta'}	2.0	21.0	Entomobryomorpha	order	{158441.0, 48709.0}	{'Arthropoda': 2}	{'Entomobryomorpha': 2}	{'Collembola': 2}	{'ODN05757.1', 'XP_035711638.1'}
22.0	['XP_021960153.2']	GCF_002217175.1	Folsomia candida (springtails)	uncharacterized protein LOC110856020	{'Folsomia candida'}	1.0	22.0	Folsomia candida	species	{158441.0}	{'Arthropoda': 1}	{'Entomobryomorpha': 1}	{'Collembola': 1}	{'XP_021960153.2'}
23.0	['XP_035708240.1']	GCF_002217175.1	Folsomia candida (springtails)	uncharacterized protein LOC110850052 isoform X1	{'Folsomia candida'}	1.0	23.0	Folsomia candida	species	{158441}	{'Arthropoda': 1}	{'Entomobryomorpha': 1}	{'Collembola': 1}	{'XP_035708240.1'}
24.0	['XP_046646423.1']	GCF_021234035.1	Daphnia pulicaria (crustaceans)	uncharacterized protein LOC124336681	{'Daphnia pulicaria'}	1.0	24.0	Daphnia pulicaria	species	{35523}	{'Arthropoda': 1}	{'Diplostraca': 1}	{'Branchiopoda': 1}	{'XP_046646423.1'}
25.0	['XP_026477151.1']	GCF_003426905.1	CteNocephalides felis (cat flea)	uncharacterized protein LOC113383115	{'Ctenocephalides felis'}	1.0	25.0	Ctenocephalides felis	species	{7515}	{'Arthropoda': 1}	{'Siphonaptera': 1}	{'Insecta': 1}	{'XP_026477151.1'}
26.0	['XP_037026007.1']	GCF_014529535.1	Bradysia coprophila (flies)	uncharacterized protein LOC119067246	{'Bradysia coprophila'}	1.0	26.0	Bradysia coprophila	species	{38358}	{'Arthropoda': 1}	{'Diptera': 1}	{'Insecta': 1}	{'XP_037026007.1'}
27.0	['XP_027199942.1']	GCF_001901225.1	Dermatophagoides pteronyssinus (European house dust mite)	uncharacterized protein LOC113794053	{'Dermatophagoides farinae', 'Dermatophagoides pteronyssinus'}	2.0	27.0	Dermatophagoides	genus	{6954, 6956}	{'Arthropoda': 2}	{'Sarcoptiformes': 2}	{'Arachnida': 2}	{'XP_046910960.1', 'XP_027199942.1'}
28.0	['XP_045779580.1']	GCF_905333055.1	Maniola jurtina (meadow brown)	uncharacterized protein LOC123877118	{'Maniola jurtina'}	1.0	28.0	Maniola jurtina	species	{191418}	{'Arthropoda': 1}	{'Lepidoptera': 1}	{'Insecta': 1}	{'XP_045779580.1'}
29.0	['XP_015834127.1']	GCF_000002335.3	Tribolium castaneum (red flour beetle)	uncharacterized protein LOC656007 isoform X13	{'Culex quinquefasciatus', 'Tribolium castaneum', 'Blattella germanica', 'Zophobas morio', 'Belonocnema kinseyi', 'Brassicogethes aeneus', 'Tenebrio molitor', 'Tribolium madens', 'Pseudolycoriella hygida', 'Mythimna separata', 'Choristoneura fumiferana', 'Photinus pyralis', 'Leguminivora glycinivorella', 'Culex pipiens pallens'}	14.0	29.0	Neoptera	infraclass	{42434, 7141, 41895, 7176, 1035111, 7054, 2755281, 271217, 2817044, 35572, 7067, 6973, 7070, 1431903}	{'Arthropoda': 14}	{'Coleoptera': 6, 'Blattodea': 1, 'Hymenoptera': 1, 'Lepidoptera': 3, 'Diptera': 3}	{'Insecta': 14}	{'CAH0557987.1', 'KAJ8706480.1', 'KAJ6626763.1', 'KAJ3664449.1', 'XP_044267802.1', 'XP_033217683.1', 'XP_031356508.1', 'CAH1372073.1', 'XP_039445737.1', 'EDS27914.1', 'XP_048002608.1', 'XP_015834127.1', 'KAI8426861.1', 'PSN48719.1'}
30.0	['XP_042220148.1']	GCF_018991925.1	Homarus americanus (American lobster)	uncharacterized protein LOC121864978 isoform X1	{'Penaeus japonicus', 'Homarus americanus', 'Penaeus vannamei', 'Cherax quadricarinatus', 'Penaeus chinensis', 'Penaeus monodon'}	6.0	30.0	Decapoda	order	{139456.0, 6689.0, 27405.0, 27406.0, 6706.0, 6687.0}	{'Arthropoda': 6}	{'Decapoda': 6}	{'Malacostraca': 6}	{'XP_047484221.1', 'XP_042869429.1', 'XP_042220148.1', 'XP_037799009.1', 'XP_027232647.1', 'XP_053634600.1'}
31.0	['XP_052563446.1']	GCF_016801865.2	Culex pipiens pallens (Northern house mosquito)	uncharacterized protein LOC120430246 isoform X1	{'Anopheles marshallii', 'Culex quinquefasciatus', 'Anopheles funestus', 'Anopheles moucheti', 'Anopheles arabiensis', 'Anopheles aquasalis', 'Aedes albopictus', 'Anopheles nili', 'Anopheles merus', 'Anopheles albimanus', 'Aedes aegypti', 'Anopheles darlingi', 'Anopheles stephensi', 'Anopheles cruzii', 'Anopheles coluzzii', 'Culex pipiens pallens', 'Sabethes cyaneus', 'Anopheles gambiae str. PEST'}	18.0	31.0	Culicidae	family	{42434, 7173, 1518534, 186751, 7176, 180454, 185578, 42839, 43151, 53552, 68878, 30066, 62324, 30069, 7159, 7160, 1521116, 7167}	{'Arthropoda': 18}	{'Diptera': 18}	{'Insecta': 18}	{'XP_040226272.2', 'XP_053660283.1', 'XP_035897640.1', 'XP_053696366.1', 'EAT35866.1', 'XP_049537425.1', 'EDS43330.1', 'XP_321593.5', 'XP_041765552.1', 'XP_052890518.1', 'XP_053679565.1', 'XP_035777210.1', 'XP_052563446.1', 'XP_052867581.1', 'XP_019534458.2', 'XP_050099765.1', 'XP_049285987.1', 'XP_040152509.1'}
32.0	['XP_047736274.1']	GCF_000764305.2	Hyalella azteca (amphipods)	uncharacterized protein LOC125177831	{'Hyalella azteca', 'Trinorchestia longiramus'}	2.0	32.0	Talitroidea	superfamily	{294128.0, 1923959.0}	{'Arthropoda': 2}	{'Amphipoda': 2}	{'Malacostraca': 2}	{'XP_047736274.1', 'KAF2361252.1'}
33.0	['XP_046453153.1']	GCF_021134715.1	Daphnia pulex (common water flea)	uncharacterized protein LOC124200854	{'Daphnia pulex'}	1.0	33.0	Daphnia pulex	species	{6669}	{'Arthropoda': 1}	{'Diplostraca': 1}	{'Branchiopoda': 1}	{'XP_046453153.1'}
34.0	['XP_048512468.1']	GCF_917208135.1	Athalia rosae (coleseed sawfly)	uncharacterized protein LOC105688654 isoform X1	{'Athalia rosae'}	1.0	34.0	Athalia rosae	species	{37344}	{'Arthropoda': 1}	{'Hymenoptera': 1}	{'Insecta': 1}	{'XP_048512468.1'}
35.0	['XP_046649021.1']	GCF_021234035.1	Daphnia pulicaria (crustaceans)	uncharacterized protein LOC124340504	{'Daphnia pulicaria', 'Daphnia galeata', 'Daphnia magna', 'Daphnia pulex'}	4.0	35.0	Daphnia	genus	{35525, 35523, 27404, 6669}	{'Arthropoda': 4}	{'Diplostraca': 4}	{'Branchiopoda': 4}	{'XP_032791327.2', 'XP_046649021.1', 'CAH0100145.1', 'XP_046445252.1'}
36.0	['XP_036230923.1']	GCF_001188975.3	Bactrocera oleae (olive fruit fly)	rhoGEF domain-containing protein gxcI isoform X1	{'Drosophila obscura', 'Bactrocera neohumeralis', 'Bombus affinis', 'Cloeon dipterum', 'Drosophila virilis', 'Drosophila subpulchrella', 'Drosophila pandora', 'Dufourea novaeangliae', 'Nicrophorus vespilloides', 'Apis florea', 'Drosophila hydei', 'Drosophila bipectinata', 'Drosophila gunungcola', 'Drosophila bunnanda', 'Trichogramma brassicae', 'Culex pipiens pallens', 'Chelonus insularis', 'Monomorium pharaonis', 'Anopheles funestus', 'Cimex lectularius', 'Drosophila willistoni', 'Stomoxys calcitrans', 'Drosophila innubila', 'Apis mellifera', 'Drosophila suzukii', 'Drosophila sulfurigaster', 'Habropoda laboriosa', 'Fopius arisanus', 'Bactrocera dorsalis', 'Drosophila miranda', 'Drosophila biarmipes', 'Drosophila novamexicana', 'Anopheles stephensi', 'Megachile rotundata', 'Drosophila ficusphila', 'Apis cerana', 'Culex quinquefasciatus', 'Hylaeus anthracinus', 'Danaus chrysippus', 'Anopheles maculipalpis', 'Drosophila busckii', 'Bradysia odoriphaga', 'Anopheles merus', 'Drosophila navojoa', 'Drosophila rubida', 'Drosophila guanche', 'Ctenocephalides felis', 'Nilaparvata lugens', 'Leptopilina heterotoma', 'Frieseomelitta varia', 'Drosophila setifemur', 'Halyomorpha halys', 'Anastrepha ludens', 'Drosophila persimilis', 'Drosophila santomea', 'Aedes albopictus', 'Bombus bifarius', 'Zaprionus bogoriensis', 'Danaus plexippus plexippus', 'Drosophila serrata', 'Rhagoletis zephyria', 'Melipona quadrifasciata', 'Bactrocera tryoni', 'Pectinophora gossypiella', 'Drosophila takahashii', 'Homalodisca vitripennis', 'Drosophila albomicans', 'Anopheles gambiae str. PEST', 'Drosophila jambulina', 'Drosophila mojavensis', 'Drosophila ananassae', 'Allacma fusca', 'Bradysia coprophila', 'Zeugodacus cucurbitae', 'Hermetia illucens', 'Macrosteles quadrilineatus', 'Drosophila grimshawi', 'Drosophila pseudoobscura', 'Ceratina calcarata', 'Drosophila mauritiana', 'Contarinia nasturtii', 'Bactrocera latifrons', 'Anopheles darlingi', 'Drosophila simulans', 'Lucilia cuprina', 'Bombus huntii', 'Bombus terrestris', 'Colletes gigas', 'Sarcophaga bullata', 'Rhagoletis pomonella', 'Anastrepha obliqua', 'Timema cristinae', 'Diaphorina citri', 'Anopheles albimanus', 'Glossina fuscipes', 'Eufriesea mexicana', 'Trichogramma pretiosum', 'Anopheles coluzzii', 'Drosophila eugracilis', 'Condylostylus longicornis', 'Drosophila birchii', 'Drosophila pseudotakahashii', 'Drosophila kikkawai', 'Folsomia candida', 'Aedes aegypti', 'Musca domestica', 'Scaptodrosophila lebanonensis', 'Anopheles aquasalis', 'Sabethes cyaneus', 'Hylaeus volcanicus', 'Anopheles marshallii', 'Parnassius apollo', 'Trachymyrmex zeteki', 'Drosophila subobscura', 'Temnothorax longispinosus', 'Venturia canescens', 'Drosophila sechellia', 'Ceratitis capitata', 'Bombus pyrosoma', 'Apis laboriosa', 'Drosophila yakuba', 'Drosophila melanogaster', 'Drosophila rhopaloa', 'Orussus abietinus', 'Nomia melanderi', 'Clunio marinus', 'Anopheles cruzii', 'Bactrocera oleae', 'Polypedilum vanderplanki', 'Anopheles nili', 'Anopheles arabiensis', 'Drosophila erecta', 'Drosophila teissieri', 'Iphiclides podalirius', 'Megalopta genalis', 'Teleopsis dalmanni', 'Sitodiplosis mosellana', 'Drosophila elegans', 'Drosophila ironensis', 'Bombus vancouverensis nearcticus', 'Drosophila arizonae'}	141.0	36.0	Hexapoda	subphylum	{32260, 7173, 7176, 59916, 166423, 460826, 244254, 174628, 61476, 42026, 7213, 7217, 7220, 7222, 7224, 7225, 7226, 7227, 7229, 7230, 198719, 7232, 7234, 2448451, 7237, 7238, 7240, 7241, 7243, 7244, 7245, 300112, 129105, 7260, 7263, 222816, 7266, 7274, 110193, 7282, 1041015, 183418, 7291, 143995, 396416, 343691, 43151, 156304, 516756, 85661, 309927, 309941, 110791, 313031, 7370, 7375, 110799, 193234, 47314, 7385, 1486046, 7396, 180454, 935657, 185578, 46829, 104688, 35570, 265458, 313075, 111875, 568069, 1496333, 68878, 64791, 95512, 1867034, 2705178, 7460, 7461, 7463, 53552, 88886, 125945, 27457, 30019, 7493, 64838, 30023, 278856, 30025, 30033, 1564500, 74068, 42839, 7515, 30044, 103775, 29029, 29030, 39272, 30066, 178035, 319348, 30069, 62324, 2848634, 2848635, 139649, 108931, 13191, 115081, 561572, 79782, 28584, 28586, 2530218, 28588, 197043, 86971, 42434, 28610, 28612, 1518534, 307658, 63436, 597456, 38358, 1521116, 263140, 286706, 30195, 151541, 121845, 7159, 7160, 98809, 103933, 7167}	{'Arthropoda': 139}	{'Diptera': 92, 'Coleoptera': 1, 'Hymenoptera': 32, 'Siphonaptera': 1, 'Hemiptera': 6, 'Lepidoptera': 5, 'Phasmatodea': 1, 'Symphypleona': 1}	{'Insecta': 138, 'Collembola': 1}	{'XP_036230923.1', 'XP_017078657.1', 'XP_003701269.1', 'XP_053671725.1', 'XP_013101497.1', 'XP_035899897.1', 'XP_016921982.1', 'XP_029404553.1', 'XP_024219443.1', 'XP_032306797.1', 'XP_053669029.1', 'XP_052869145.1', 'XP_041763795.1', 'XP_014260126.1', 'KNC33442.1', 'KAH8233218.1', 'TGZ37051.1', 'KMY95714.1', 'XP_050089434.1', 'CAG4940549.1', 'XP_019892919.1', 'XP_037944850.1', 'KAH8238753.1', 'XP_018787796.1', 'XP_038117152.1', 'XP_021708078.1', 'KAH8283605.1', 'XP_032292712.1', 'XP_050327337.1', 'XP_020800429.1', 'XP_054285961.1', 'EDW01261.1', 'XP_039479781.1', 'CAB0043406.1', 'XP_049277440.1', 'XP_031640178.1', 'XP_018309695.1', 'XP_043270719.1', 'XP_012282806.1', 'XP_054090848.1', 'XP_037917841.1', 'XP_039953258.1', 'XP_012155941.1', 'XP_050071911.1', 'XP_017773199.1', 'XP_017867446.1', 'XP_050596840.1', 'XP_043257510.1', 'XP_034653764.1', 'XP_022232875.2', 'CRK87937.1', 'XP_033185350.1', 'NP_726160.1', 'XP_034109609.1', 'XP_033152354.1', 'KAH8290191.1', 'XP_053989315.1', 'KAG5681134.1', 'XP_032585405.2', 'XP_017123688.1', 'XP_037893389.1', 'XP_043602912.1', 'XP_054740942.1', 'XP_017876027.1', 'XP_050744060.1', 'XP_037716189.1', 'XP_017479690.1', 'XP_049529907.1', 'XP_034949362.1', 'KAH8320855.1', 'XP_053694600.1', 'XP_036334447.1', 'KAH8358119.1', 'XP_017794083.1', 'KZC14577.1', 'XP_011300308.1', 'XP_017037203.1', 'OWR43476.1', 'XP_030555589.1', 'XP_043529015.1', 'XP_055316858.1', 'XP_021956270.1', 'XP_046677908.1', 'KQS62329.1', 'CAD7396855.1', 'XP_033320101.1', 'XP_017838598.2', 'KAH8252695.1', 'XP_001122365.1', 'TMW54129.1', 'XP_052565559.1', 'KAH8354897.1', 'XP_026478618.1', 'KAG4073870.1', 'XP_044249276.1', 'XP_040168414.1', 'XP_026842273.1', 'XP_032572611.1', 'SPP72746.1', 'XP_043645422.1', 'XP_043469165.1', 'XP_004444586.3', 'KAI5709991.1', 'XP_052843242.1', 'TDG41066.1', 'XP_050492077.1', 'XP_039296614.1', 'XP_054016354.1', 'XP_017752554.1', 'KAH8401949.1', 'CAG7785110.1', 'XP_030375727.1', 'KOX78961.1', 'XP_001238442.3', 'CAH2048416.1', 'XP_049872977.1', 'EDW74436.2', 'XP_036669330.1', 'XP_053965090.1', 'XP_043796848.1', 'XP_029732930.1', 'XP_023167285.2', 'KRJ99663.1', 'XP_003694113.1', 'XP_003401698.1', 'KAH8395388.1', 'XP_044312459.1', 'XP_055372525.1', 'KAH8405481.1', 'XP_037051855.1', 'XP_033337423.1', 'CAG9562120.1', 'XP_043064229.1', 'XP_040226155.2', 'XP_017148368.2', 'XP_034476511.1', 'XP_014236766.1', 'XP_036149652.1', 'XP_031830197.1', 'XP_035773305.1'}
37.0	['XP_035716531.1']	GCF_002217175.1	Folsomia candida (springtails)	uncharacterized protein LOC118439383	{'Folsomia candida'}	1.0	37.0	Folsomia candida	species	{158441.0}	{'Arthropoda': 1}	{'Entomobryomorpha': 1}	{'Collembola': 1}	{'XP_035716531.1'}
38.0	['XP_023329593.1']	GCF_000591075.1	Eurytemora affinis (crustaceans)	uncharacterized protein LOC111702212	{'Tigriopus californicus', 'Eurytemora affinis'}	2.0	38.0	Neocopepoda	infraclass	{6832.0, 88015.0}	{'Arthropoda': 2}	{'Harpacticoida': 1, 'Calanoida': 1}	{'Hexanauplia': 2}	{'TRY77436.1', 'XP_023329593.1'}
39.0	['XP_026318555.1']	GCF_003589595.1	Hyposmocoma kahamaNoa (moths)	peroxidase-like	{'Hyposmocoma kahamanoa'}	1.0	39.0	Hyposmocoma kahamanoa	species	{1477025}	{'Arthropoda': 1}	{'Lepidoptera': 1}	{'Insecta': 1}	{'XP_026318555.1'}
40.0	['XP_034233350.1']	GCF_012932325.1	Thrips palmi (thrips)	endoglucanase-like	{'Thrips palmi'}	1.0	40.0	Thrips palmi	species	{161013.0}	{'Arthropoda': 1}	{'Thysanoptera': 1}	{'Insecta': 1}	{'XP_034233350.1'}
41.0	['XP_031340986.1']	GCF_008802855.1	Photinus pyralis (common eastern firefly)	uncharacterized protein LOC116169099	{'Photinus pyralis'}	1.0	41.0	Photinus pyralis	species	{7054}	{'Arthropoda': 1}	{'Coleoptera': 1}	{'Insecta': 1}	{'XP_031340986.1'}
42.0	['XP_037790819.1']	GCF_015228065.1	Penaeus moNodon (black tiger shrimp)	epidermal growth factor receptor-like	{'Penaeus vannamei', 'Penaeus chinensis', 'Penaeus monodon'}	3.0	42.0	Penaeus	genus	{139456, 6689, 6687}	{'Arthropoda': 3}	{'Decapoda': 3}	{'Malacostraca': 3}	{'XP_027231698.1', 'XP_037790819.1', 'XP_047489075.1'}
43.0	['XP_035715441.1']	GCF_002217175.1	Folsomia candida (springtails)	mucin-2-like	{'Folsomia candida'}	1.0	43.0	Folsomia candida	species	{158441.0}	{'Arthropoda': 1}	{'Entomobryomorpha': 1}	{'Collembola': 1}	{'XP_035715441.1'}
44.0	['XP_049511280.1']	GCF_013339745.2	Dermacentor silvarum (mites & ticks)	uncharacterized protein LOC125939844	{'Dermacentor silvarum'}	1.0	44.0	Dermacentor silvarum	species	{543639.0}	{'Arthropoda': 1}	{'Ixodida': 1}	{'Arachnida': 1}	{'XP_049511280.1'}
45.0	['XP_002428156.1']	GCF_000006295.1	Pediculus humanus corporis (human body louse)	hypothetical protein	{'Pediculus humanus corporis'}	1.0	45.0	Pediculus humanus corporis	subspecies	{121224}	{'Arthropoda': 1}	{'Phthiraptera': 1}	{'Insecta': 1}	{'XP_002428156.1'}
46.0	['XP_034827763.1']	GCF_902806685.1	Maniola hyperantus (ringlet)	IQ and AAA domain-containing protein 1-like	{'Leptidea sinapis', 'Zerene cesonia', 'Maniola hyperantus', 'Pararge aegeria', 'Bicyclus anynana', 'Colias croceus', 'Danaus plexippus plexippus'}	7.0	46.0	Papilionoidea	superfamily	{110368, 33412, 278856, 2795564, 116150, 72248, 189913}	{'Arthropoda': 7}	{'Lepidoptera': 7}	{'Insecta': 7}	{'OWR46522.1', 'XP_045508523.1', 'XP_052738804.1', 'VVC96592.1', 'XP_039752012.1', 'XP_038219808.1', 'XP_034827763.1'}
47.0	['XP_035708168.1']	GCF_002217175.1	Folsomia candida (springtails)	uncharacterized protein LOC110850553 isoform X2	{'Folsomia candida'}	1.0	47.0	Folsomia candida	species	{158441}	{'Arthropoda': 1}	{'Entomobryomorpha': 1}	{'Collembola': 1}	{'XP_035708168.1'}
48.0	['XP_037943392.1']	GCF_002237135.1	Teleopsis dalmanni (flies)	uncharacterized protein LOC119676229	{'Teleopsis dalmanni'}	1.0	48.0	Teleopsis dalmanni	species	{139649.0}	{'Arthropoda': 1}	{'Diptera': 1}	{'Insecta': 1}	{'XP_037943392.1'}
49.0	['XP_049849988.1']	GCF_023897955.1	Schistocerca gregaria (desert locust)	uncharacterized protein LOC126320569 isoform X2	{'Schistocerca gregaria'}	1.0	49.0	Schistocerca gregaria	species	{7010}	{'Arthropoda': 1}	{'Orthoptera': 1}	{'Insecta': 1}	{'XP_049849988.1'}
50.0	['XP_044731417.1']	GCF_905475395.1	Chrysoperla carnea (insects)	peroxidase	{'Chrysoperla carnea'}	1.0	50.0	Chrysoperla carnea	species	{189513.0}	{'Arthropoda': 1}	{'Neuroptera': 1}	{'Insecta': 1}	{'XP_044731417.1'}
51.0	['XP_021958683.2']	GCF_002217175.1	Folsomia candida (springtails)	uncharacterized protein LOC110854550	{'Folsomia candida'}	1.0	51.0	Folsomia candida	species	{158441}	{'Arthropoda': 1}	{'Entomobryomorpha': 1}	{'Collembola': 1}	{'XP_021958683.2'}
52.0	['XP_023332299.1']	GCF_000591075.1	Eurytemora affinis (crustaceans)	uncharacterized protein LOC111704317	{'Eurytemora affinis'}	1.0	52.0	Eurytemora affinis	species	{88015}	{'Arthropoda': 1}	{'Calanoida': 1}	{'Hexanauplia': 1}	{'XP_023332299.1'}
53.0	['XP_023318028.1']	GCF_000599845.2	Trichogramma pretiosum (wasps, ants & bees)	uncharacterized protein LOC106651321	{'Ceratosolen solmsi marchali', 'Harmonia axyridis', 'Eretmocerus hayati', 'Cotesia chilonis', 'Microplitis demolitor', 'Nesidiocoris tenuis', 'Macrosteles quadrilineatus', 'Leptopilina boulardi', 'Cotesia typhae', 'Ischnura elegans', 'Uloborus diversus', 'Belonocnema kinseyi', 'Ceutorhynchus assimilis', 'Ceratina calcarata', 'Nasonia vitripennis', 'Ctenocephalides felis', 'Osmia lignaria', 'Temnothorax longispinosus', 'Coccinella septempunctata', 'Osmia bicornis bicornis', 'Venturia canescens', 'Trichogramma brassicae', 'Leptopilina heterotoma', 'Aphidius gifuensis', 'Chelonus insularis', 'Trichomalopsis sarcophagae', 'Diabrotica balteata', 'Glypta fumiferanae', 'Cinara cedri', 'Photinus pyralis', 'Cotesia congregata', 'Bemisia tabaci', 'Temnothorax curvispinosus', 'Copidosoma floridanum', 'Chrysoperla carnea', 'Cotesia glomerata', 'Diaphorina citri', 'Phyllotreta striolata', 'Trichonephila inaurata madagascariensis', 'Homalodisca vitripennis', 'Pseudomyrmex gracilis', 'Trichogramma pretiosum', 'Diabrotica virgifera virgifera', 'Apolygus lucorum', 'ADP-ribose'}	45.0	53.0	Arthropoda	phylum	{7425, 355587, 32260, 248454, 1437191, 32391, 7054, 131215, 156304, 543379, 2817044, 460826, 115357, 467358, 2053667, 197161, 389681, 197043, 41139, 86971, 444603, 326594, 327109, 7493, 69319, 189513, 63433, 63436, 89804, 107213, 300111, 300112, 74068, 50390, 51543, 2747483, 7515, 473952, 506608, 684658, 121845, 29053, 7038}	{'Arthropoda': 43}	{'Hymenoptera': 24, 'Neuroptera': 1, 'Coleoptera': 7, 'Hemiptera': 7, 'Odonata': 1, 'Araneae': 2, 'Siphonaptera': 1}	{'Insecta': 41, 'Arachnida': 2}	{'XP_031328011.1', 'CAG9834512.1', 'UDP68979.1', 'XP_044582156.1', 'KAF6198752.1', 'XP_024893182.1', 'XP_050502727.1', 'XP_017875915.1', 'XP_046383814.1', 'XP_014212604.2', 'KAJ8668249.1', 'CAG9765618.1', 'GFY65411.1', 'XP_044000972.1', 'XP_054720107.1', 'XP_011496256.1', 'OXU27785.1', 'XP_054287681.1', 'XP_045470004.1', 'XP_033213947.1', 'VVC35210.1', 'CAH0777981.1', 'XP_008216084.1', 'XP_051165182.1', 'XP_034948992.1', 'KAI5702014.1', 'CAB0039719.1', 'XP_044751709.1', 'AKD28025.1', 'XP_029051406.2', 'CAG9861802.1', 'CAG5097677.1', 'XP_046679279.1', 'CAB0001324.1', 'XP_043469266.1', 'KAG8042248.1', 'XP_044726615.1', 'XP_023318028.1'}
54.0	['XP_045614234.1']	GCF_020424385.1	Procambarus clarkii (red swamp crayfish)	uncharacterized protein LOC123768019	{'Procambarus clarkii'}	1.0	54.0	Procambarus clarkii	species	{6728.0}	{'Arthropoda': 1}	{'Decapoda': 1}	{'Malacostraca': 1}	{'XP_045614234.1'}
55.0	['XP_046594669.1']	GCF_021901455.1	Neodiprion lecontei (redheaded pine sawfly)	UTP--glucose-1-phosphate uridylyltransferase isoform X1	{'Neodiprion fabricii', 'Neodiprion lecontei', 'Diprion similis', 'Neodiprion virginianus', 'Neodiprion pinetum'}	5.0	55.0	Diprioninae	subfamily	{441921.0, 2872261.0, 2961670.0, 362088.0, 441929.0}	{'Arthropoda': 5}	{'Hymenoptera': 5}	{'Insecta': 5}	{'XP_046479948.1', 'XP_046424186.1', 'XP_046743927.1', 'XP_046594669.1', 'XP_046615650.1'}
56.0	['XP_040568466.1']	GCF_016086655.3	Lepeophtheirus salmonis (salmon louse)	uncharacterized protein LOC121117998	{'Lepeophtheirus salmonis'}	1.0	56.0	Lepeophtheirus salmonis	species	{72036}	{'Arthropoda': 1}	{'Siphonostomatoida': 1}	{'Hexanauplia': 1}	{'XP_040568466.1'}
57.0	['XP_040073766.1']	GCF_016920785.2	Ixodes scapularis (black-legged tick)	uncharacterized protein LOC8043825	{'Ixodes scapularis'}	1.0	57.0	Ixodes scapularis	species	{6945.0}	{'Arthropoda': 1}	{'Ixodida': 1}	{'Arachnida': 1}	{'XP_040073766.1'}
58.0	['XP_051173821.1']	GCF_019393585.1	Leptopilina boulardi (wasps, ants & bees)	zinc finger protein 567-like	{'Leptopilina boulardi', 'Leptopilina heterotoma'}	2.0	58.0	Leptopilina	genus	{63433.0, 63436.0}	{'Arthropoda': 2}	{'Hymenoptera': 2}	{'Insecta': 2}	{'XP_051173821.1', 'XP_043475001.1'}
59.0	['XP_023328891.1']	GCF_000591075.1	Eurytemora affinis (crustaceans)	latent-transforming growth factor beta-binding protein 4-like	{'Eurytemora affinis'}	1.0	59.0	Eurytemora affinis	species	{88015}	{'Arthropoda': 1}	{'Calanoida': 1}	{'Hexanauplia': 1}	{'XP_023328891.1'}
60.0	['XP_022178340.1']	GCF_001856785.1	Myzus persicae (green peach aphid)	LOW QUALITY PROTEIN: eukaryotic translation initiation factor 4 gamma 3-like	{'Myzus persicae'}	1.0	60.0	Myzus persicae	species	{13164.0}	{'Arthropoda': 1}	{'Hemiptera': 1}	{'Insecta': 1}	{'XP_022178340.1'}
61.0	['XP_046402901.1']	GCF_921293095.1	Ischnura elegans (damselflies)	uncharacterized protein LOC124168679	{'Ischnura elegans'}	1.0	61.0	Ischnura elegans	species	{197161}	{'Arthropoda': 1}	{'Odonata': 1}	{'Insecta': 1}	{'XP_046402901.1'}
62.0	['XP_044763649.1']	GCF_907165205.1	Coccinella septempunctata (seven-spotted ladybird)	uncharacterized protein LOC123320399	{'Harmonia axyridis', 'Psylliodes chrysocephala', 'Phyllotreta striolata', 'Diabrotica balteata', 'Coccinella septempunctata', 'Diabrotica virgifera virgifera'}	6.0	62.0	Cucujiformia	infraorder	{2598218, 107213, 41139, 50390, 444603, 115357}	{'Arthropoda': 6}	{'Coleoptera': 6}	{'Insecta': 6}	{'XP_045468320.1', 'CAG9865293.1', 'XP_050513096.1', 'CAH1100045.1', 'XP_044763649.1', 'CAG9826587.1'}
63.0	['XP_046439036.1']	GCF_021134715.1	Daphnia pulex (common water flea)	chorion peroxidase-like isoform X1	{'Daphnia pulicaria', 'Daphnia pulex'}	2.0	63.0	Daphnia	genus	{35523, 6669}	{'Arthropoda': 2}	{'Diplostraca': 2}	{'Branchiopoda': 2}	{'XP_046439036.1', 'XP_046639946.1'}
64.0	['XP_029662819.1']	GCF_003651465.1	Formica exsecta (ants)	fasciclin-1-like	{'Centruroides sculpturatus', 'Operophtera brumata', 'Ephemera danica', 'Leptopilina boulardi', 'Nasonia vitripennis', 'Trichogramma brassicae', 'Diuraphis noxia', 'Dermacentor silvarum', 'Melanaphis sacchari', 'Timema bartmani', 'Spodoptera exigua', 'Photinus pyralis', 'Neodiprion virginianus', 'Onthophagus taurus', 'Temnothorax curvispinosus', 'Pseudomyrmex gracilis', 'Anopheles maculipalpis', 'Pararge aegeria', 'Brassicogethes aeneus', 'Drosophila navojoa', 'Drosophila rubida', 'Drosophila guanche', 'Daktulosphaira vitifoliae', 'Leptopilina heterotoma', 'Anastrepha ludens', 'Papilio xuthus', 'Ampulex compressa', 'Aedes albopictus', 'Oppiella nova', 'Trinorchestia longiramus', 'Choristoneura fumiferana', 'Sitophilus oryzae', 'Atta colombica', 'Panonychus citri', 'Homalodisca vitripennis', 'Dendroctonus ponderosae', 'Coptotermes formosanus', 'Cataglyphis hispanica', 'Dermatophagoides farinae', 'Thrips palmi', 'Zeugodacus cucurbitae', 'Hermetia illucens', 'Schistocerca gregaria', 'Osmia lignaria', 'Drosophila mauritiana', 'Anopheles darlingi', 'Lucilia cuprina', 'Anastrepha obliqua', 'Oryctes borbonicus', 'Glossina fuscipes', 'Anopheles coluzzii', 'Drosophila pseudotakahashii', 'Gryllus bimaculatus', 'Dendrolimus kikuchii', 'Neodiprion fabricii', 'Maniola jurtina', 'Acromyrmex heyeri', 'Bombus pyrosoma', 'Brenthis ino', 'Aphidius gifuensis', 'Apis laboriosa', 'Vespula germanica', 'Vanessa cardui', 'Drosophila rhopaloa', 'Haemaphysalis longicornis', 'Nomia melanderi', 'Cherax quadricarinatus', 'Polypedilum vanderplanki', 'Formica exsecta', 'Ixodes scapularis', 'Chrysoperla carnea', 'Rhopalosiphum maidis', 'Vespula pensylvanica', 'Diabrotica virgifera virgifera', 'Phaedon cochleariae', 'Pieris brassicae', 'Polistes exclamans', 'Nephila pilipes', 'Sipha flava', 'Diatraea saccharalis', 'Cloeon dipterum', 'Drosophila virilis', 'Drosophila subpulchrella', 'Nicrophorus vespilloides', 'Drosophila hydei', 'Hyposmocoma kahamanoa', 'Agrilus planipennis', 'Tigriopus californicus', 'Anopheles funestus', 'Helicoverpa zea', 'Diabrotica balteata', 'Tenebrio molitor', 'Drosophila sulfurigaster', 'Caerostris darwini', 'Oedothorax gibbosus', 'Trichoplusia ni', 'Apis dorsata', 'Aethina tumida', 'Hylaeus anthracinus', 'Drosophila busckii', 'Bradysia odoriphaga', 'Laodelphax striatellus', 'Atta cephalotes', 'Mythimna separata', 'Bombyx mandarina', 'Vespa crabro', 'Tropilaelaps mercedesae', 'Neodiprion pinetum', 'Callosobruchus maculatus', 'Rhynchophorus ferrugineus', 'Zaprionus bogoriensis', 'Wasmannia auropunctata', 'Drosophila serrata', 'Rhagoletis zephyria', 'Argiope bruennichi', 'Copidosoma floridanum', 'Spodoptera litura', 'Dermatophagoides pteronyssinus', 'Bicyclus anynana', 'Pararge aegeria aegeria', 'Drosophila albomicans', 'Anopheles gambiae str. PEST', 'Ceratosolen solmsi marchali', 'Bradysia coprophila', 'Phthorimaea operculella', 'Macrosteles quadrilineatus', 'Dermacentor andersoni', 'Drosophila simulans', 'Bombus huntii', 'Acromyrmex echinatior', 'Bombus terrestris', 'Colletes gigas', 'Pediculus humanus corporis', 'Stegodyphus dumicola', 'Rhagoletis pomonella', 'Tribolium madens', 'Arctia plantaginis', 'Cephus cinctus', 'Tyrophagus putrescentiae', 'Halotydeus destructor', 'Anopheles moucheti', 'Vespula vulgaris', 'Pieris macdunnoughi', 'Mischocyttarus mexicanus', 'Rhipicephalus microplus', 'Aedes aegypti', 'Hylaeus volcanicus', 'Parnassius apollo', 'Trachymyrmex zeteki', 'Lamprigera yunnana', 'Diprion similis', 'Frankliniella occidentalis', 'Lucilia sericata', 'Drosophila melanogaster', 'Polistes canadensis', 'Cinara cedri', 'Anopheles cruzii', 'Procambarus clarkii', 'Drosophila teissieri', 'Sitodiplosis mosellana', 'Bombus vancouverensis nearcticus', 'Aphis gossypii', 'Drosophila arizonae', 'Acyrthosiphon pisum', 'Acromyrmex insinuator', 'Drosophila obscura', 'Manduca sexta', 'Tuta absoluta', 'Bombus affinis', 'Zootermopsis nevadensis', 'Plodia interpunctella', 'Trachymyrmex septentrionalis', 'Chironomus riparius', 'Ostrinia furnacalis', 'Drosophila pandora', 'Anthonomus grandis grandis', 'Apis florea', 'Drosophila bipectinata', 'Drosophila gunungcola', 'Notodromas monacha', 'Chelonus insularis', 'Cimex lectularius', 'Stomoxys calcitrans', 'Vespa mandarinia', 'Amphibalanus amphitrite', 'Drosophila miranda', 'Odontomachus brunneus', 'Drosophila biarmipes', 'Drosophila novamexicana', 'Papilio polytes', 'Anopheles stephensi', 'Nymphalis io', 'Apis cerana cerana', 'Schistocerca americana', 'Anopheles merus', 'Rhipicephalus sanguineus', 'Portunus trituberculatus', 'Uloborus diversus', 'Bombus impatiens', 'Ctenocephalides felis', 'Osmia bicornis bicornis', 'Zerene cesonia', 'Drosophila persimilis', 'Adelges cooleyi', 'Danaus plexippus plexippus', 'Melipona quadrifasciata', 'Cotesia glomerata', 'Pectinophora gossypiella', 'Megalurothrips usitatus', 'Drosophila ananassae', 'Harmonia axyridis', 'Vespa velutina', 'Allacma fusca', 'Papilio machaon', 'Belonocnema kinseyi', 'Ceutorhynchus assimilis', 'Ceratina calcarata', 'Pieris napi', 'Pseudolycoriella hygida', 'Varroa jacobsoni', 'Leguminivora glycinivorella', 'Timema cristinae', 'Diaphorina citri', 'Schistocerca serialis cubense', 'Schistocerca piceifrons', 'Nymphon striatum', 'Phyllotreta striolata', 'Eufriesea mexicana', 'Colias croceus', 'Camponotus floridanus', 'Drosophila eugracilis', 'Condylostylus longicornis', 'Galleria mellonella', 'Plutella xylostella', 'Drosophila kikkawai', 'Microplitis demolitor', 'Pollicipes pollicipes', 'Scaptodrosophila lebanonensis', 'Spodoptera frugiperda', 'Anopheles aquasalis', 'Drosophila immigrans', 'Schistocerca nitens', 'Anopheles marshallii', 'Temnothorax longispinosus', 'Drosophila sechellia', 'Coccinella septempunctata', 'Cryptotermes secundus', 'Darwinula stevensoni', 'Apis mellifera caucasica', 'Cyprideis torosa', 'Anopheles nili', 'Anopheles arabiensis', 'Nylanderia fulva', 'Iphiclides podalirius', 'Eciton burchellii', 'Spodoptera littoralis', 'Drosophila elegans', 'Drosophila ironensis', 'Oppia nitens', 'Tribolium castaneum', 'Bactrocera neohumeralis', 'Lepeophtheirus salmonis', 'Daphnia pulicaria', 'Daphnia galeata', 'Dufourea novaeangliae', 'Callosobruchus chinensis', 'Trachymyrmex cornetzi', 'Chilo suppressalis', 'Drosophila bunnanda', 'Culex pipiens pallens', 'Monomorium pharaonis', 'Drosophila willistoni', 'Psylliodes chrysocephala', 'Drosophila innubila', 'Schistocerca cancellata', 'Apis mellifera', 'Harpegnathos saltator', 'Drosophila suzukii', 'Ooceraea biroi', 'Fopius arisanus', 'Bactrocera dorsalis', 'Cotesia congregata', 'Daphnia pulex', 'Solenopsis invicta', 'Vanessa tameamea', 'Pieris rapae', 'Megachile rotundata', 'Apolygus lucorum', 'Drosophila ficusphila', 'Helicoverpa armigera', 'Parasteatoda tepidariorum', 'Apis cerana', 'Acromyrmex charruanus', 'Diachasma alloeum', 'Danaus chrysippus', 'Timema monikensis', 'Nilaparvata lugens', 'Eriocheir sinensis', 'Frieseomelitta varia', 'Anopheles sinensis', 'Drosophila setifemur', 'Halyomorpha halys', 'Ignelater luminosus', 'Drosophila pseudoananassae', 'Drosophila santomea', 'Myzus persicae', 'Ixodes persulcatus', 'Anoplophora glabripennis', 'Limulus polyphemus', 'Vanessa atalanta', 'Bactrocera tryoni', 'Drosophila takahashii', 'Leptinotarsa decemlineata', 'Daphnia magna', 'Drosophila jambulina', 'Drosophila mojavensis', 'Athalia rosae', 'Abscondita terminalis', 'Holotrichia oblita', 'Varroa destructor', 'Pogonomyrmex barbatus', 'Nesidiocoris tenuis', 'Maniola hyperantus', 'Drosophila grimshawi', 'Drosophila pseudoobscura', 'Bombyx mori', 'Ischnura elegans', 'Amyelois transitella', 'Zophobas morio', 'Aphis craccivora', 'Contarinia nasturtii', 'Bactrocera latifrons', 'Nezara viridula', 'Cyphomyrmex costatus', 'Sarcophaga bullata', 'Bemisia tabaci', 'Polistes fuscatus', 'Anopheles albimanus', 'Trichogramma pretiosum', 'Aphis glycines', 'Aricia agestis', 'Drosophila birchii', 'Dinoponera quadriceps', 'Melitaea cinxia', 'Sarcoptes scabiei', 'Folsomia candida', 'Musca domestica', 'Linepithema humile', 'Pseudoatta argentina', 'Sabethes cyaneus', 'Vollenhovia emeryi', 'Leptidea sinapis', 'Polistes dominula', 'Hyalomma asiaticum', 'Drosophila subobscura', 'Venturia canescens', 'Ceratitis capitata', 'Gonioctena quinquepunctata', 'Mythimna loreyi', 'Chrysodeixis includens', 'Drosophila yakuba', 'Orussus abietinus', 'Galendromus occidentalis', 'Clunio marinus', 'Bactrocera oleae', 'Drosophila erecta', 'Teleopsis dalmanni', 'Blomia tropicalis'}	368.0	64.0	Arthropoda	phylum	{104452.0, 460826.0, 61472.0, 61476.0, 2795564.0, 202808.0, 198719.0, 610380.0, 1538125.0, 129105.0, 36987.0, 354439.0, 43146.0, 43151.0, 411798.0, 41117.0, 41139.0, 274613.0, 274614.0, 315576.0, 444603.0, 69820.0, 456900.0, 110791.0, 110799.0, 47314.0, 63699.0, 180454.0, 104688.0, 702717.0, 2961670.0, 454923.0, 211228.0, 307491.0, 334116.0, 307492.0, 53552.0, 278856.0, 74068.0, 51543.0, 1431903.0, 72036.0, 29029.0, 29030.0, 39272.0, 80249.0, 29053.0, 186751.0, 139649.0, 29058.0, 108931.0, 121224.0, 2038154.0, 467358.0, 76193.0, 76194.0, 561572.0, 59818.0, 65964.0, 197043.0, 51655.0, 307658.0, 166361.0, 37344.0, 98809.0, 59916.0, 6669.0, 166423.0, 424472.0, 244254.0, 197152.0, 217634.0, 174628.0, 197161.0, 348720.0, 72248.0, 170555.0, 6728.0, 143948.0, 143950.0, 684658.0, 520822.0, 1041015.0, 299642.0, 143995.0, 33412.0, 248454.0, 156304.0, 58002.0, 516756.0, 471704.0, 12957.0, 115357.0, 219809.0, 144034.0, 309927.0, 6832.0, 309941.0, 113334.0, 168631.0, 6850.0, 35523.0, 35525.0, 2874060.0, 107213.0, 2755281.0, 193234.0, 158441.0, 680683.0, 506608.0, 35570.0, 35572.0, 860918.0, 1049336.0, 568069.0, 2921223.0, 27404.0, 133901.0, 27406.0, 6941.0, 742174.0, 6945.0, 334625.0, 6954.0, 6956.0, 2069292.0, 88886.0, 27457.0, 6999.0, 473952.0, 7009.0, 7010.0, 7011.0, 136037.0, 1035111.0, 50023.0, 213866.0, 13164.0, 271217.0, 27506.0, 66420.0, 7029.0, 62324.0, 1923959.0, 80765.0, 7038.0, 224129.0, 64391.0, 7048.0, 13191.0, 7054.0, 109461.0, 543639.0, 7067.0, 7070.0, 41895.0, 2530218.0, 7091.0, 7092.0, 191418.0, 86971.0, 326594.0, 7107.0, 7108.0, 7109.0, 1518534.0, 2872261.0, 7111.0, 7113.0, 64459.0, 103372.0, 7130.0, 7137.0, 263140.0, 7141.0, 121845.0, 7159.0, 7160.0, 125945.0, 7167.0, 7173.0, 609295.0, 2817044.0, 42026.0, 7213.0, 7217.0, 7220.0, 7224.0, 7225.0, 7226.0, 7227.0, 52283.0, 7229.0, 7230.0, 439358.0, 7232.0, 7234.0, 2448451.0, 7237.0, 7238.0, 7240.0, 189513.0, 7241.0, 7243.0, 7244.0, 7245.0, 72781.0, 300111.0, 300112.0, 7250.0, 7260.0, 7263.0, 7266.0, 7282.0, 74873.0, 183418.0, 7291.0, 689277.0, 1086592.0, 40085.0, 62625.0, 621737.0, 418985.0, 7370.0, 765133.0, 7375.0, 50390.0, 1686743.0, 7385.0, 1486046.0, 7396.0, 185578.0, 486640.0, 265458.0, 7425.0, 111875.0, 355587.0, 1496333.0, 68878.0, 91405.0, 91411.0, 7445.0, 7446.0, 64791.0, 95512.0, 64793.0, 1867034.0, 230685.0, 7454.0, 230686.0, 42275.0, 7460.0, 7461.0, 7462.0, 7463.0, 195883.0, 105785.0, 85310.0, 93504.0, 13632.0, 30019.0, 7493.0, 64838.0, 30023.0, 30025.0, 2598218.0, 30033.0, 146774.0, 7515.0, 30044.0, 103775.0, 44386.0, 218467.0, 931172.0, 77166.0, 30066.0, 7539.0, 95602.0, 30069.0, 13686.0, 116150.0, 644536.0, 116153.0, 42434.0, 327109.0, 38358.0, 189913.0, 1521116.0, 210409.0, 30207.0, 32260.0, 30213.0, 30212.0, 1437191.0, 613905.0, 83485.0, 1629725.0, 405034.0, 171585.0, 441929.0, 171605.0, 222816.0, 362088.0, 110193.0, 345717.0, 32391.0, 343691.0, 85661.0, 2715315.0, 399045.0, 313031.0, 69319.0, 200407.0, 114398.0, 69355.0, 46829.0, 313075.0, 40697.0, 2705178.0, 202533.0, 34615.0, 266040.0, 667449.0, 34620.0, 34632.0, 94029.0, 34638.0, 1564500.0, 42839.0, 178035.0, 319348.0, 2848634.0, 2848635.0, 163714.0, 34720.0, 1232801.0, 79782.0, 28584.0, 28586.0, 28588.0, 370605.0, 94128.0, 2023355.0, 28610.0, 28612.0, 2015173.0, 63433.0, 133065.0, 63436.0, 743375.0, 192464.0, 874455.0, 104421.0, 286706.0, 151541.0}	{'Arthropoda': 355}	{'Hymenoptera': 85, 'Hemiptera': 23, 'Lepidoptera': 49, 'Orthoptera': 7, 'Neuroptera': 1, 'Odonata': 1, 'Diptera': 96, 'Coleoptera': 32, 'Blattodea': 3, 'Phasmatodea': 3, 'Ephemeroptera': 2, 'Diplostraca': 4, 'Phthiraptera': 1, 'Siphonaptera': 1, 'Entomobryomorpha': 1, 'Araneae': 7, 'Harpacticoida': 1, 'Balanomorpha': 1, 'Pollicipedomorpha': 1, 'Ixodida': 8, 'Decapoda': 4, 'Podocopida': 3, 'Scorpiones': 1, 'Amphipoda': 1, 'Siphonostomatoida': 1, 'Xiphosura': 1, 'Sarcoptiformes': 7, 'Trombidiformes': 2, 'Mesostigmata': 4, 'Pantopoda': 1, 'Symphypleona': 1, 'Thysanoptera': 2}	{'Insecta': 306, 'Arachnida': 29, 'Thecostraca': 2, 'Hexanauplia': 2, 'Collembola': 2, 'Branchiopoda': 4, 'Pycnogonida': 1, 'Malacostraca': 5, 'Merostomata': 1, 'Ostracoda': 3}	{'CAH0553229.1', 'CAG9834633.1', 'KAF5275938.1', 'XP_030371313.1', 'XP_050475299.1', 'XP_041447650.1', 'KAJ0178802.1', 'UXI18670.1', 'XP_037891847.1', 'KAH6931147.1', 'XP_043510659.1', 'KAG7211301.1', 'KDR24081.1', 'XP_033213263.1', 'XP_052749257.1', 'XP_016922127.1', 'XP_050456093.1', 'KAI4477421.1', 'XP_051171470.1', 'XP_047365600.1', 'XP_035890445.1', 'XP_033244565.1', 'KAF4520035.1', 'XP_020817839.1', 'XP_034184065.1', 'CAH2247285.1', 'XP_052131922.1', 'CAG7717944.1', 'KYN32381.1', 'KAG7308243.1', 'XP_042895487.1', 'CAB0036003.1', 'XP_026496794.1', 'CAD0197447.1', 'XP_024876903.1', 'ETN65260.1', 'KAI2811340.1', 'CAD7432009.1', 'KQS38915.1', 'XP_017874312.1', 'OWR54236.1', 'XP_020715778.1', 'KAH8332120.1', 'XP_043464802.1', 'XP_024218206.1', 'CAB4066815.1', 'VVD01840.1', 'XP_021703257.1', 'CAD7226899.1', 'XP_043651938.1', 'XP_014254843.2', 'CAG9795259.1', 'XP_050745271.1', 'XP_015378991.1', 'CAD7279580.1', 'KAF2894406.1', 'XP_046912551.1', 'XP_017039641.1', 'XP_046474048.1', 'XP_041764689.1', 'XP_050099671.1', 'KAI4497624.1', 'XP_054279497.1', 'XP_022176858.1', 'XP_039969239.1', 'KAH8306310.1', 'XP_041970417.1', 'XP_013139049.1', 'KOX70457.1', 'XP_049842791.1', 'CAH1730246.1', 'CAD7241108.1', 'KAH8289055.1', 'KYQ53713.1', 'XP_011262799.1', 'VEN38669.1', 'XP_037574217.1', 'KAH8409675.1', 'XP_053945998.1', 'XP_011294807.1', 'XP_025192308.1', 'XP_037828022.1', 'TRY68850.1', 'TMW51648.1', 'KAH8023595.1', 'KAJ3640979.1', 'XP_049304972.1', 'PBC33028.1', 'KAH9387563.1', 'XP_021951579.1', 'XP_036324308.1', 'CAD7640904.1', 'XP_049797888.1', 'CAA9999221.1', 'KAH8310250.1', 'KAG5346384.1', 'XP_014211414.1', 'XP_055384345.1', 'XP_046963138.1', 'XP_036217260.1', 'XP_043795225.1', 'XP_053973900.1', 'XP_050585770.1', 'CRK94485.1', 'KAH0947978.1', 'CAG9823260.1', 'XP_029155311.1', 'KAI8122940.1', 'XP_015115112.1', 'XP_046608706.1', 'KAG0414643.1', 'CAD7090466.1', 'XP_022666453.1', 'KAH0812363.1', 'CAH0702969.1', 'XP_023170283.2', 'XP_045512562.1', 'XP_017847729.1', 'XP_018790351.1', 'TGZ53448.1', 'CAF4812334.1', 'KAH1019217.1', 'XP_014486638.1', 'XP_016977803.1', 'XP_016937662.2', 'XP_025155030.1', 'XP_024220430.1', 'XP_044756737.1', 'XP_012225911.1', 'CAD7405812.1', 'KYN08511.1', 'XP_051863463.1', 'XP_035438611.2', 'XP_017004476.1', 'KAF2347996.1', 'KAH8414445.1', 'XP_050311263.1', 'CAH2071332.1', 'XP_046737828.1', 'XP_046651637.1', 'XP_053594627.1', 'CAH1407206.1', 'KFB39353.1', 'XP_035780124.1', 'XP_053689218.1', 'KAJ8733214.1', 'CAG4992805.1', 'XP_035226003.1', 'XP_027849811.2', 'XP_044583101.1', 'KAG6450909.1', 'XP_011302010.1', 'XP_039290467.1', 'XP_011865962.1', 'XP_043682698.1', 'XP_046982783.1', 'GIX73337.1', 'XP_037942593.1', 'XP_053997226.1', 'XP_050341306.1', 'XP_017026740.1', 'CAH1099529.1', 'KYN17524.1', 'XP_039489781.1', 'XP_054161608.1', 'KAF0772084.1', 'XP_028175728.1', 'XP_040173894.1', 'XP_039749846.1', 'XP_032785978.2', 'XP_050067311.1', 'XP_013190193.1', 'KAH8353838.1', 'XP_017776262.1', 'KAH8247920.1', 'XP_045469433.1', 'XP_017111214.1', 'XP_032453102.1', 'XP_013164811.1', 'XP_043251598.1', 'XP_025602313.2', 'XP_054726074.1', 'XP_030767671.1', 'XP_012136005.1', 'XP_050866123.1', 'XP_022825263.1', 'CAG9559965.1', 'XP_050035490.1', 'XP_013102464.1', 'KAI1285038.1', 'RVE43404.1', 'XP_023216398.1', 'XP_047525633.1', 'XP_033162034.1', 'VVC43692.1', 'XP_046418033.1', 'KAH8382140.1', 'CAG9765041.1', 'XP_053677949.1', 'XP_015175729.1', 'XP_034829614.1', 'XP_055324006.1', 'XP_046142476.1', 'XP_031618026.1', 'GFT64704.1', 'KAH9376657.1', 'XP_029834080.2', 'KAI5646466.1', 'XP_020288792.1', 'XP_025990128.1', 'KAF6203958.1', 'KAH8246912.1', 'KAF7382394.1', 'CAB3517294.1', 'MPC13597.1', 'XP_052836698.1', 'XP_037515979.1', 'XP_037026781.1', 'KAH8331031.1', 'XP_046682363.1', 'XP_047528827.1', 'XP_033233039.1', 'XP_039151678.1', 'XP_048264575.1', 'XP_034661752.1', 'KAI5728649.1', 'KAJ1527918.1', 'XP_011061851.1', 'XP_045447139.1', 'KAG8191824.1', 'XP_034130460.1', 'XP_047022564.1', 'XP_049945921.1', 'XP_032576616.1', 'KOB71141.1', 'XP_026477041.1', 'XP_028967050.1', 'XP_028046401.2', 'KAG4075598.1', 'XP_032671889.1', 'XP_031332593.1', 'XP_034247788.1', 'XP_037707436.1', 'GLH15951.1', 'XP_309160.5', 'XP_046835793.1', 'XP_046393720.1', 'KAF8777993.1', 'XP_046453087.1', 'XP_017076497.1', 'KAH9416595.1', 'XP_015032536.1', 'CAG9858671.1', 'XP_044262943.1', 'XP_047984151.1', 'XP_023947729.2', 'XP_045493898.1', 'XP_012283312.1', 'XP_049820789.1', 'KAJ6637756.1', 'XP_050541768.1', 'XP_053664791.1', 'XP_044002634.1', 'GFG33414.1', 'XP_026737114.1', 'XP_049295894.1', 'XP_050343275.1', 'KRT80042.1', 'AAM49900.1', 'XP_011502138.1', 'RLU21789.1', 'KAE9541730.1', 'XP_034949825.1', 'XP_023314750.1', 'XP_022688335.1', 'XP_012054846.1', 'CAH0725263.1', 'KAF5281303.1', 'XP_017877414.1', 'RZF46663.1', 'XP_037077556.1', 'XP_053626481.1', 'XP_015027667.1', 'CAH0100324.1', 'KPJ19476.1', 'XP_031775164.1', 'KAG5879903.1', 'XP_033202397.1', 'XP_017761182.1', 'KAJ2952213.1', 'XP_029662819.1', 'XP_015431057.1', 'XP_043590214.1', 'XP_026812531.1', 'XP_032595691.1', 'XP_023012184.1', 'XP_049869900.1', 'XP_052900518.1', 'XP_025408254.1', 'CAB3382353.1', 'XP_017464853.1', 'XP_004924047.2', 'KAG5313735.1', 'XP_031368995.1', 'XP_022258774.1', 'KAG5673151.1', 'KAI8424443.1', 'XP_025830655.1', 'KAG1714375.1', 'XP_028030958.1', 'KAG5325160.1', 'XP_050421905.1', 'CAG5076043.1', 'XP_008186716.1', 'XP_053212750.1', 'XP_034488534.1', 'XP_043288920.1', 'XP_026298431.1', 'KAG5333198.1', 'XP_054721635.1', 'XP_043246396.1', 'XP_049770702.1', 'XP_035735139.1', 'KAG6801485.1', 'XP_044734151.1', 'XP_049694589.1', 'XP_011699539.1', 'XP_054082130.1', 'XP_038220118.1', 'XP_022903130.1', 'XP_040223909.2', 'XP_043488182.1', 'XP_026840293.1', 'XP_047100728.1', 'KAH8388654.1', 'XP_039231042.1', 'KYM89710.1', 'XP_014612817.1', 'XP_015833788.1', 'XP_045611023.1', 'KAH8236654.1', 'XP_052873274.1', 'XP_015023091.1', 'CAD7442054.1', 'XP_031840104.1', 'CAB3237088.1', 'XP_044570042.1', 'KAF7270341.1', 'XP_022119908.2', 'XP_029717643.1', 'OQR74471.1', 'CAH7759696.1', 'XP_002426556.1', 'XP_030573289.1', 'XP_050740116.1', 'CAH0777738.1', 'XP_017962931.1', 'XP_050514613.1', 'XP_052562223.1', 'XP_018568339.1', 'XP_015606185.1', 'XP_011641357.1', 'XP_045765787.1', 'KAI4459743.1', 'KAJ8727643.1', 'PNF39115.1'}
65.0	['XP_037030969.1']	GCF_014529535.1	Bradysia coprophila (flies)	uncharacterized protein LOC119070645	{'Bradysia coprophila'}	1.0	65.0	Bradysia coprophila	species	{38358.0}	{'Arthropoda': 1}	{'Diptera': 1}	{'Insecta': 1}	{'XP_037030969.1'}
66.0	['XP_018903502.1']	GCF_001854935.1	Bemisia tabaci (sweet potato whitefly)	uncharacterized protein LOC109034665	{'Bemisia tabaci'}	1.0	66.0	Bemisia tabaci	species	{7038}	{'Arthropoda': 1}	{'Hemiptera': 1}	{'Insecta': 1}	{'XP_018903502.1'}
67.0	['XP_022173178.1']	GCF_001856785.1	Myzus persicae (green peach aphid)	bifunctional lycopene cyclase/phytoene synthase-like isoform X1	{'Myzus persicae'}	1.0	67.0	Myzus persicae	species	{13164}	{'Arthropoda': 1}	{'Hemiptera': 1}	{'Insecta': 1}	{'XP_022173178.1'}
68.0	['XP_049881687.1']	GCF_024362695.1	PectiNophora gossypiella (pink bollworm)	uncharacterized protein LOC126377819 isoform X16	{'Pectinophora gossypiella'}	1.0	68.0	Pectinophora gossypiella	species	{13191}	{'Arthropoda': 1}	{'Lepidoptera': 1}	{'Insecta': 1}	{'XP_049881687.1'}
69.0	['XP_040564143.1']	GCF_016086655.3	Lepeophtheirus salmonis (salmon louse)	uncharacterized protein LOC121114288	{'Tigriopus californicus', 'Lepeophtheirus salmonis'}	2.0	69.0	Podoplea	superorder	{6832, 72036}	{'Arthropoda': 2}	{'Siphonostomatoida': 1, 'Harpacticoida': 1}	{'Hexanauplia': 2}	{'XP_040564143.1', 'TRY75358.1'}
70.0	['XP_041972388.1']	GCF_905147365.1	Aricia agestis (brown argus)	uncharacterized protein LOC121728304	{'Papilio xuthus', 'Aricia agestis', 'Pararge aegeria'}	3.0	70.0	Papilionoidea	superfamily	{91739, 66420, 116150}	{'Arthropoda': 3}	{'Lepidoptera': 3}	{'Insecta': 3}	{'XP_041972388.1', 'XP_039764961.1', 'KPJ03543.1'}
71.0	['XP_042908388.1']	GCF_000365465.3	Parasteatoda tepidariorum (common house spider)	uncharacterized protein LOC107448593 isoform X2	{'Parasteatoda tepidariorum'}	1.0	71.0	Parasteatoda tepidariorum	species	{114398}	{'Arthropoda': 1}	{'Araneae': 1}	{'Arachnida': 1}	{'XP_042908388.1'}
72.0	['XP_044009448.1']	GCF_014905175.1	Aphidius gifuensis (wasps, ants & bees)	uncharacterized protein LOC122853196	{'Aphidius gifuensis'}	1.0	72.0	Aphidius gifuensis	species	{684658.0}	{'Arthropoda': 1}	{'Hymenoptera': 1}	{'Insecta': 1}	{'XP_044009448.1'}
73.0	['XP_036141434.1']	GCF_013373865.1	MoNomorium pharaonis (pharaoh ant)	uncharacterized protein LOC105833640 isoform X3	{'Monomorium pharaonis'}	1.0	73.0	Monomorium pharaonis	species	{307658}	{'Arthropoda': 1}	{'Hymenoptera': 1}	{'Insecta': 1}	{'XP_036141434.1'}
74.0	['XP_049881676.1']	GCF_024362695.1	PectiNophora gossypiella (pink bollworm)	uncharacterized protein LOC126377819 isoform X6	{'Pectinophora gossypiella', 'Plutella xylostella'}	2.0	74.0	Heteroneura	parvorder	{13191, 51655}	{'Arthropoda': 2}	{'Lepidoptera': 2}	{'Insecta': 2}	{'XP_048486914.1', 'XP_049881676.1'}
75.0	['XP_023324156.1']	GCF_000591075.1	Eurytemora affinis (crustaceans)	uncharacterized protein LOC111698135	{'Eurytemora affinis'}	1.0	75.0	Eurytemora affinis	species	{88015.0}	{'Arthropoda': 1}	{'Calanoida': 1}	{'Hexanauplia': 1}	{'XP_023324156.1'}
76.0	['XP_025018608.1']	GCF_000239435.1	Tetranychus urticae (two-spotted spider mite)	solute carrier family 35 member B1-like isoform X1	{'Tetranychus urticae'}	1.0	76.0	Tetranychus urticae	species	{32264}	{'Arthropoda': 1}	{'Trombidiformes': 1}	{'Arachnida': 1}	{'XP_025018608.1'}
77.0	['XP_015837071.1']	GCF_000002335.3	Tribolium castaneum (red flour beetle)	uncharacterized protein LOC107398217	{'Zophobas morio', 'Tribolium castaneum', 'Asbolus verrucosus', 'Tenebrio molitor'}	4.0	77.0	Tenebrionidae	family	{2755281, 7067, 1661398, 7070}	{'Arthropoda': 4}	{'Coleoptera': 4}	{'Insecta': 4}	{'XP_015837071.1', 'RZC36949.1', 'CAH1380579.1', 'KAJ3640350.1'}
78.0	['XP_023236565.1']	GCF_000671375.1	Centruroides sculpturatus (bark scorpion)	relaxin receptor 1-like	{'Centruroides sculpturatus'}	1.0	78.0	Centruroides sculpturatus	species	{218467.0}	{'Arthropoda': 1}	{'Scorpiones': 1}	{'Arachnida': 1}	{'XP_023236565.1'}
79.0	['XP_034245505.1']	GCF_012932325.1	Thrips palmi (thrips)	uncharacterized protein LOC117647716	{'Thrips palmi'}	1.0	79.0	Thrips palmi	species	{161013}	{'Arthropoda': 1}	{'Thysanoptera': 1}	{'Insecta': 1}	{'XP_034245505.1'}
80.0	['XP_021699539.1']	GCF_002204515.2	Aedes aegypti (yellow fever mosquito)	uncharacterized protein LOC5570730 isoform X2	{'Aedes aegypti', 'Aedes albopictus'}	2.0	80.0	Stegomyia	subgenus	{7160, 7159}	{'Arthropoda': 2}	{'Diptera': 2}	{'Insecta': 2}	{'XP_021699539.1', 'XP_029735553.1'}
81.0	['XP_014216391.1']	GCF_000648655.2	Copidosoma floridanum (wasps, ants & bees)	uncharacterized protein LOC106645125 isoform X2	{'Copidosoma floridanum'}	1.0	81.0	Copidosoma floridanum	species	{29053.0}	{'Arthropoda': 1}	{'Hymenoptera': 1}	{'Insecta': 1}	{'XP_014216391.1'}
82.0	['XP_035715507.1']	GCF_002217175.1	Folsomia candida (springtails)	uncharacterized protein LOC118438832	{'Oppia nitens', 'Allacma fusca', 'Bradysia coprophila', 'Bradysia odoriphaga', 'Oppiella nova', 'Folsomia candida', 'Pseudolycoriella hygida', 'Medioppia subpectinata', 'Blomia tropicalis', 'Tyrophagus putrescentiae', 'Rhagoletis zephyria'}	11.0	82.0	Arthropoda	phylum	{334625, 28612, 1979941, 39272, 158441, 59818, 35572, 1564500, 38358, 1686743, 40697}	{'Arthropoda': 11}	{'Sarcoptiformes': 5, 'Diptera': 4, 'Symphypleona': 1, 'Entomobryomorpha': 1}	{'Arachnida': 5, 'Insecta': 4, 'Collembola': 2}	{'CAG7835345.1', 'CAD7628876.1', 'XP_037051404.1', 'KAJ6220211.1', 'CAD7657384.1', 'KAG4077225.1', 'XP_017483539.1', 'KAH9406650.1', 'KAJ6649710.1', 'XP_035715507.1', 'XP_054157087.1'}
